-- =========================================================
-- Seed Data (Generated)
-- =========================================================
-- Generated at: 2026-03-20T06:21:39.488Z
-- Source of truth: backend/facilityCatalog + backend/equipment rules
-- Notes:
-- - Run schema.sql first (this file does not CREATE TABLEs).
-- - This seed is idempotent (it deletes then re-inserts data).

PRAGMA foreign_keys = ON;
BEGIN;

-- Clear existing data (order matters for FK constraints)
DELETE FROM booking_detail;
DELETE FROM bookings;
DELETE FROM facility_equipment;
DELETE FROM equipment;
DELETE FROM facilities;
DELETE FROM facility_type;
DELETE FROM users;

-- Facility types
INSERT OR IGNORE INTO facility_type (type_name) VALUES
  ('Catering Area'),
  ('Chatterbox'),
  ('Classroom'),
  ('Group Study Room'),
  ('Hostel Facilities'),
  ('Meeting Pod'),
  ('MPH / Sports Hall'),
  ('Phone Booth'),
  ('Project Room'),
  ('Project Room (Level 5)'),
  ('Seminar Room'),
  ('SMUC Facilities'),
  ('Study Booth');

-- Facilities (stable string key is facility_code)
WITH rows(facility_code, facility_name, building, floor, capacity, type_name) AS (
  VALUES
    ('ADMIN-BADMINTON-COURT-1', 'Admin Badminton Court-1', 'Administration Building', 1, 10, 'MPH / Sports Hall'),
    ('ADMIN-BADMINTON-COURT-2', 'Admin Badminton Court-2', 'Administration Building', 1, 10, 'MPH / Sports Hall'),
    ('ADMIN-BADMINTON-COURT-3', 'Admin Badminton Court-3', 'Administration Building', 1, 10, 'MPH / Sports Hall'),
    ('ADMIN-BASKETBALL-COURT', 'Admin Basketball Court', 'Administration Building', 1, 10, 'MPH / Sports Hall'),
    ('ADMIN-FENCING', 'Admin Fencing', 'Administration Building', 1, 10, 'MPH / Sports Hall'),
    ('ADMIN-FLOORBALL-COURT', 'Admin Floorball Court', 'Administration Building', 1, 10, 'MPH / Sports Hall'),
    ('ADMIN-NETBALL-COURT', 'Admin Netball Court', 'Administration Building', 1, 10, 'MPH / Sports Hall'),
    ('ADMIN-TABLE-TENNIS-TABLE-1', 'Admin Table Tennis table-1', 'Administration Building', 1, 10, 'MPH / Sports Hall'),
    ('ADMIN-TABLE-TENNIS-TABLE-2', 'Admin Table Tennis table-2', 'Administration Building', 1, 10, 'MPH / Sports Hall'),
    ('KGC-MEETING-POD-3-01', 'KGC Meeting Pod 3-01', 'Yong Pung How School of Law/Kwa Geok Choo Law Library', 3, 4, 'Meeting Pod'),
    ('KGC-4-01-PR', 'KGC-4.01-PR', 'Yong Pung How School of Law/Kwa Geok Choo Law Library', 4, 10, 'Project Room'),
    ('KGC-4-02-PR', 'KGC-4.02-PR', 'Yong Pung How School of Law/Kwa Geok Choo Law Library', 4, 10, 'Project Room'),
    ('KGC-4-03-PR', 'KGC-4.03-PR', 'Yong Pung How School of Law/Kwa Geok Choo Law Library', 4, 10, 'Project Room'),
    ('KGC-4-04-PR', 'KGC-4.04-PR', 'Yong Pung How School of Law/Kwa Geok Choo Law Library', 4, 10, 'Project Room'),
    ('KGC-4-05-PR', 'KGC-4.05-PR', 'Yong Pung How School of Law/Kwa Geok Choo Law Library', 4, 10, 'Project Room'),
    ('KGC-4-06-PR', 'KGC-4.06-PR', 'Yong Pung How School of Law/Kwa Geok Choo Law Library', 4, 10, 'Project Room'),
    ('KGC-4-07-PR', 'KGC-4.07-PR', 'Yong Pung How School of Law/Kwa Geok Choo Law Library', 4, 10, 'Project Room'),
    ('KGC-4-08-PR', 'KGC-4.08-PR', 'Yong Pung How School of Law/Kwa Geok Choo Law Library', 4, 10, 'Project Room'),
    ('KGC-4-09-PR', 'KGC-4.09-PR', 'Yong Pung How School of Law/Kwa Geok Choo Law Library', 4, 10, 'Project Room'),
    ('KGC-4-10-PR', 'KGC-4.10-PR', 'Yong Pung How School of Law/Kwa Geok Choo Law Library', 4, 10, 'Project Room'),
    ('KGC-4-11-PR', 'KGC-4.11-PR', 'Yong Pung How School of Law/Kwa Geok Choo Law Library', 4, 10, 'Project Room'),
    ('KGC-4-12-PR', 'KGC-4.12-PR', 'Yong Pung How School of Law/Kwa Geok Choo Law Library', 4, 10, 'Project Room'),
    ('KGC-4-13-PR', 'KGC-4.13-PR', 'Yong Pung How School of Law/Kwa Geok Choo Law Library', 4, 10, 'Project Room'),
    ('LKCSB-CLASSROOM-2-1', 'LKCSB Classroom 2-1', 'Lee Kong Chian School of Business', 2, 40, 'Classroom'),
    ('LKCSB-CLASSROOM-3-2', 'LKCSB Classroom 3-2', 'Lee Kong Chian School of Business', 3, 40, 'Classroom'),
    ('LKCSB-CLASSROOM-3-3', 'LKCSB Classroom 3-3', 'Lee Kong Chian School of Business', 3, 40, 'Classroom'),
    ('LKCSB-CLASSROOM-3-4', 'LKCSB Classroom 3-4', 'Lee Kong Chian School of Business', 3, 40, 'Classroom'),
    ('LKCSB-CLASSROOM-3-5', 'LKCSB Classroom 3-5', 'Lee Kong Chian School of Business', 3, 40, 'Classroom'),
    ('LKCSB-GSR-1-1', 'LKCSB GSR 1-1', 'Lee Kong Chian School of Business', 1, 8, 'Group Study Room'),
    ('LKCSB-GSR-1-2', 'LKCSB GSR 1-2', 'Lee Kong Chian School of Business', 1, 8, 'Group Study Room'),
    ('LKCSB-GSR-2-1', 'LKCSB GSR 2-1', 'Lee Kong Chian School of Business', 2, 8, 'Group Study Room'),
    ('LKCSB-GSR-2-10', 'LKCSB GSR 2-10', 'Lee Kong Chian School of Business', 2, 8, 'Group Study Room'),
    ('LKCSB-GSR-2-11', 'LKCSB GSR 2-11', 'Lee Kong Chian School of Business', 2, 8, 'Group Study Room'),
    ('LKCSB-GSR-2-12', 'LKCSB GSR 2-12', 'Lee Kong Chian School of Business', 2, 8, 'Group Study Room'),
    ('LKCSB-GSR-2-13', 'LKCSB GSR 2-13', 'Lee Kong Chian School of Business', 2, 8, 'Group Study Room'),
    ('LKCSB-GSR-2-14', 'LKCSB GSR 2-14', 'Lee Kong Chian School of Business', 2, 8, 'Group Study Room'),
    ('LKCSB-GSR-2-15', 'LKCSB GSR 2-15', 'Lee Kong Chian School of Business', 2, 8, 'Group Study Room'),
    ('LKCSB-GSR-2-16', 'LKCSB GSR 2-16', 'Lee Kong Chian School of Business', 2, 8, 'Group Study Room'),
    ('LKCSB-GSR-2-17', 'LKCSB GSR 2-17', 'Lee Kong Chian School of Business', 2, 8, 'Group Study Room'),
    ('LKCSB-GSR-2-18', 'LKCSB GSR 2-18', 'Lee Kong Chian School of Business', 2, 8, 'Group Study Room'),
    ('LKCSB-GSR-2-19', 'LKCSB GSR 2-19', 'Lee Kong Chian School of Business', 2, 8, 'Group Study Room'),
    ('LKCSB-GSR-2-2', 'LKCSB GSR 2-2', 'Lee Kong Chian School of Business', 2, 8, 'Group Study Room'),
    ('LKCSB-GSR-2-20', 'LKCSB GSR 2-20', 'Lee Kong Chian School of Business', 2, 8, 'Group Study Room'),
    ('LKCSB-GSR-2-21', 'LKCSB GSR 2-21', 'Lee Kong Chian School of Business', 2, 8, 'Group Study Room'),
    ('LKCSB-GSR-2-22', 'LKCSB GSR 2-22', 'Lee Kong Chian School of Business', 2, 8, 'Group Study Room'),
    ('LKCSB-GSR-2-23', 'LKCSB GSR 2-23', 'Lee Kong Chian School of Business', 2, 8, 'Group Study Room'),
    ('LKCSB-GSR-2-24', 'LKCSB GSR 2-24', 'Lee Kong Chian School of Business', 2, 8, 'Group Study Room'),
    ('LKCSB-GSR-2-25', 'LKCSB GSR 2-25', 'Lee Kong Chian School of Business', 2, 8, 'Group Study Room'),
    ('LKCSB-GSR-2-3', 'LKCSB GSR 2-3', 'Lee Kong Chian School of Business', 2, 8, 'Group Study Room'),
    ('LKCSB-GSR-2-4', 'LKCSB GSR 2-4', 'Lee Kong Chian School of Business', 2, 8, 'Group Study Room'),
    ('LKCSB-GSR-2-5', 'LKCSB GSR 2-5', 'Lee Kong Chian School of Business', 2, 8, 'Group Study Room'),
    ('LKCSB-GSR-2-6', 'LKCSB GSR 2-6', 'Lee Kong Chian School of Business', 2, 8, 'Group Study Room'),
    ('LKCSB-GSR-2-7', 'LKCSB GSR 2-7', 'Lee Kong Chian School of Business', 2, 8, 'Group Study Room'),
    ('LKCSB-GSR-2-8', 'LKCSB GSR 2-8', 'Lee Kong Chian School of Business', 2, 8, 'Group Study Room'),
    ('LKCSB-GSR-2-9', 'LKCSB GSR 2-9', 'Lee Kong Chian School of Business', 2, 8, 'Group Study Room'),
    ('LKCSB-GSR-3-1', 'LKCSB GSR 3-1', 'Lee Kong Chian School of Business', 3, 8, 'Group Study Room'),
    ('LKCSB-GSR-3-11', 'LKCSB GSR 3-11', 'Lee Kong Chian School of Business', 3, 8, 'Group Study Room'),
    ('LKCSB-GSR-3-12', 'LKCSB GSR 3-12', 'Lee Kong Chian School of Business', 3, 8, 'Group Study Room'),
    ('LKCSB-GSR-3-13', 'LKCSB GSR 3-13', 'Lee Kong Chian School of Business', 3, 8, 'Group Study Room'),
    ('LKCSB-GSR-3-14', 'LKCSB GSR 3-14', 'Lee Kong Chian School of Business', 3, 8, 'Group Study Room'),
    ('LKCSB-GSR-3-15', 'LKCSB GSR 3-15', 'Lee Kong Chian School of Business', 3, 8, 'Group Study Room'),
    ('LKCSB-GSR-3-16', 'LKCSB GSR 3-16', 'Lee Kong Chian School of Business', 3, 8, 'Group Study Room'),
    ('LKCSB-GSR-3-17', 'LKCSB GSR 3-17', 'Lee Kong Chian School of Business', 3, 8, 'Group Study Room'),
    ('LKCSB-GSR-3-18', 'LKCSB GSR 3-18', 'Lee Kong Chian School of Business', 3, 8, 'Group Study Room'),
    ('LKCSB-GSR-3-19', 'LKCSB GSR 3-19', 'Lee Kong Chian School of Business', 3, 8, 'Group Study Room'),
    ('LKCSB-GSR-3-2', 'LKCSB GSR 3-2', 'Lee Kong Chian School of Business', 3, 8, 'Group Study Room'),
    ('LKCSB-GSR-3-20', 'LKCSB GSR 3-20', 'Lee Kong Chian School of Business', 3, 8, 'Group Study Room'),
    ('LKCSB-GSR-3-21', 'LKCSB GSR 3-21', 'Lee Kong Chian School of Business', 3, 8, 'Group Study Room'),
    ('LKCSB-GSR-3-22', 'LKCSB GSR 3-22', 'Lee Kong Chian School of Business', 3, 8, 'Group Study Room'),
    ('LKCSB-GSR-3-23', 'LKCSB GSR 3-23', 'Lee Kong Chian School of Business', 3, 8, 'Group Study Room'),
    ('LKCSB-GSR-3-24', 'LKCSB GSR 3-24', 'Lee Kong Chian School of Business', 3, 8, 'Group Study Room'),
    ('LKCSB-GSR-3-25', 'LKCSB GSR 3-25', 'Lee Kong Chian School of Business', 3, 8, 'Group Study Room'),
    ('LKCSB-GSR-3-26', 'LKCSB GSR 3-26', 'Lee Kong Chian School of Business', 3, 8, 'Group Study Room'),
    ('LKCSB-GSR-3-27', 'LKCSB GSR 3-27', 'Lee Kong Chian School of Business', 3, 8, 'Group Study Room'),
    ('LKCSB-GSR-3-28', 'LKCSB GSR 3-28', 'Lee Kong Chian School of Business', 3, 8, 'Group Study Room'),
    ('LKCSB-GSR-3-29', 'LKCSB GSR 3-29', 'Lee Kong Chian School of Business', 3, 8, 'Group Study Room'),
    ('LKCSB-GSR-3-3', 'LKCSB GSR 3-3', 'Lee Kong Chian School of Business', 3, 8, 'Group Study Room'),
    ('LKCSB-GSR-3-30', 'LKCSB GSR 3-30', 'Lee Kong Chian School of Business', 3, 8, 'Group Study Room'),
    ('LKCSB-GSR-3-31', 'LKCSB GSR 3-31', 'Lee Kong Chian School of Business', 3, 8, 'Group Study Room'),
    ('LKCSB-GSR-3-32', 'LKCSB GSR 3-32', 'Lee Kong Chian School of Business', 3, 8, 'Group Study Room'),
    ('LKCSB-GSR-3-33', 'LKCSB GSR 3-33', 'Lee Kong Chian School of Business', 3, 8, 'Group Study Room'),
    ('LKCSB-GSR-3-34', 'LKCSB GSR 3-34', 'Lee Kong Chian School of Business', 3, 8, 'Group Study Room'),
    ('LKCSB-GSR-3-35', 'LKCSB GSR 3-35', 'Lee Kong Chian School of Business', 3, 8, 'Group Study Room'),
    ('LKCSB-GSR-3-4', 'LKCSB GSR 3-4', 'Lee Kong Chian School of Business', 3, 8, 'Group Study Room'),
    ('LKCSB-GSR-3-5', 'LKCSB GSR 3-5', 'Lee Kong Chian School of Business', 3, 8, 'Group Study Room'),
    ('LKCSB-GSR-3-6', 'LKCSB GSR 3-6', 'Lee Kong Chian School of Business', 3, 8, 'Group Study Room'),
    ('LKCSB-GSR-3-7', 'LKCSB GSR 3-7', 'Lee Kong Chian School of Business', 3, 8, 'Group Study Room'),
    ('LKCSB-GSR-3-8', 'LKCSB GSR 3-8', 'Lee Kong Chian School of Business', 3, 8, 'Group Study Room'),
    ('LKCSB-GSR-3-9', 'LKCSB GSR 3-9', 'Lee Kong Chian School of Business', 3, 8, 'Group Study Room'),
    ('LKCSB-MEETING-POD-3-1', 'LKCSB Meeting Pod 3-1', 'Lee Kong Chian School of Business', 3, 4, 'Meeting Pod'),
    ('LKCSB-MEETING-POD-3-2', 'LKCSB Meeting Pod 3-2', 'Lee Kong Chian School of Business', 3, 4, 'Meeting Pod'),
    ('LKCSB-MEETING-POD-3-3', 'LKCSB Meeting Pod 3-3', 'Lee Kong Chian School of Business', 3, 4, 'Meeting Pod'),
    ('LKCSB-MEETING-POD-3-4', 'LKCSB Meeting Pod 3-4', 'Lee Kong Chian School of Business', 3, 4, 'Meeting Pod'),
    ('LKCSB-MEETING-POD-3-5', 'LKCSB Meeting Pod 3-5', 'Lee Kong Chian School of Business', 3, 4, 'Meeting Pod'),
    ('LKCSB-SEMINAR-ROOM-1-1', 'LKCSB Seminar Room 1-1', 'Lee Kong Chian School of Business', 1, 20, 'Seminar Room'),
    ('LKCSB-SEMINAR-ROOM-1-2', 'LKCSB Seminar Room 1-2', 'Lee Kong Chian School of Business', 1, 20, 'Seminar Room'),
    ('LKCSB-SEMINAR-ROOM-2-1', 'LKCSB Seminar Room 2-1', 'Lee Kong Chian School of Business', 2, 20, 'Seminar Room'),
    ('LKCSB-SEMINAR-ROOM-2-2', 'LKCSB Seminar Room 2-2', 'Lee Kong Chian School of Business', 2, 20, 'Seminar Room'),
    ('LKCSB-SEMINAR-ROOM-2-3', 'LKCSB Seminar Room 2-3', 'Lee Kong Chian School of Business', 2, 20, 'Seminar Room'),
    ('LKCSB-SEMINAR-ROOM-2-4', 'LKCSB Seminar Room 2-4', 'Lee Kong Chian School of Business', 2, 20, 'Seminar Room'),
    ('LKCSB-SEMINAR-ROOM-2-5', 'LKCSB Seminar Room 2-5', 'Lee Kong Chian School of Business', 2, 20, 'Seminar Room'),
    ('LKCSB-SEMINAR-ROOM-2-6', 'LKCSB Seminar Room 2-6', 'Lee Kong Chian School of Business', 2, 20, 'Seminar Room'),
    ('LKCSB-SEMINAR-ROOM-2-7', 'LKCSB Seminar Room 2-7', 'Lee Kong Chian School of Business', 2, 20, 'Seminar Room'),
    ('LKCSB-SEMINAR-ROOM-2-8', 'LKCSB Seminar Room 2-8', 'Lee Kong Chian School of Business', 2, 20, 'Seminar Room'),
    ('LKCSB-SEMINAR-ROOM-3-1', 'LKCSB Seminar Room 3-1', 'Lee Kong Chian School of Business', 3, 20, 'Seminar Room'),
    ('LKCSB-SEMINAR-ROOM-3-10', 'LKCSB Seminar Room 3-10', 'Lee Kong Chian School of Business', 3, 20, 'Seminar Room'),
    ('LKCSB-SEMINAR-ROOM-3-2', 'LKCSB Seminar Room 3-2', 'Lee Kong Chian School of Business', 3, 20, 'Seminar Room'),
    ('LKCSB-SEMINAR-ROOM-3-3', 'LKCSB Seminar Room 3-3', 'Lee Kong Chian School of Business', 3, 20, 'Seminar Room'),
    ('LKCSB-SEMINAR-ROOM-3-4', 'LKCSB Seminar Room 3-4', 'Lee Kong Chian School of Business', 3, 20, 'Seminar Room'),
    ('LKCSB-SEMINAR-ROOM-3-5', 'LKCSB Seminar Room 3-5', 'Lee Kong Chian School of Business', 3, 20, 'Seminar Room'),
    ('LKCSB-SEMINAR-ROOM-3-6', 'LKCSB Seminar Room 3-6', 'Lee Kong Chian School of Business', 3, 20, 'Seminar Room'),
    ('LKCSB-SEMINAR-ROOM-3-7', 'LKCSB Seminar Room 3-7', 'Lee Kong Chian School of Business', 3, 20, 'Seminar Room'),
    ('LKCSB-SEMINAR-ROOM-3-8', 'LKCSB Seminar Room 3-8', 'Lee Kong Chian School of Business', 3, 20, 'Seminar Room'),
    ('LKCSB-SEMINAR-ROOM-3-9', 'LKCSB Seminar Room 3-9', 'Lee Kong Chian School of Business', 3, 20, 'Seminar Room'),
    ('LKSLIB-PHONE-BOOTH-2-1', 'LKSLIB Phone Booth 2.1', 'Li Ka Shing Library', 2, 1, 'Phone Booth'),
    ('LKSLIB-PHONE-BOOTH-2-2', 'LKSLIB Phone Booth 2.2', 'Li Ka Shing Library', 2, 1, 'Phone Booth'),
    ('LKSLIB-PROJECT-ROOM-2-0', 'LKSLIB Project Room 2-0', 'Li Ka Shing Library', 2, 10, 'Project Room'),
    ('LKSLIB-PROJECT-ROOM-2-1', 'LKSLIB Project Room 2-1', 'Li Ka Shing Library', 2, 10, 'Project Room'),
    ('LKSLIB-PROJECT-ROOM-2-2', 'LKSLIB Project Room 2-2', 'Li Ka Shing Library', 2, 10, 'Project Room'),
    ('LKSLIB-PROJECT-ROOM-2-3', 'LKSLIB Project Room 2-3', 'Li Ka Shing Library', 2, 10, 'Project Room'),
    ('LKSLIB-PROJECT-ROOM-2-4', 'LKSLIB Project Room 2-4', 'Li Ka Shing Library', 2, 10, 'Project Room'),
    ('LKSLIB-PROJECT-ROOM-2-5', 'LKSLIB Project Room 2-5', 'Li Ka Shing Library', 2, 10, 'Project Room'),
    ('LKSLIB-PROJECT-ROOM-3-1', 'LKSLIB Project Room 3-1', 'Li Ka Shing Library', 3, 10, 'Project Room'),
    ('LKSLIB-PROJECT-ROOM-3-2', 'LKSLIB Project Room 3-2', 'Li Ka Shing Library', 3, 10, 'Project Room'),
    ('LKSLIB-PROJECT-ROOM-3-3', 'LKSLIB Project Room 3-3', 'Li Ka Shing Library', 3, 10, 'Project Room'),
    ('LKSLIB-PROJECT-ROOM-3-4', 'LKSLIB Project Room 3-4', 'Li Ka Shing Library', 3, 10, 'Project Room'),
    ('LKSLIB-PROJECT-ROOM-3-5', 'LKSLIB Project Room 3-5', 'Li Ka Shing Library', 3, 10, 'Project Room'),
    ('LKSLIB-PROJECT-ROOM-4-1', 'LKSLIB Project Room 4-1', 'Li Ka Shing Library', 4, 10, 'Project Room'),
    ('LKSLIB-PROJECT-ROOM-4-10', 'LKSLIB Project Room 4-10', 'Li Ka Shing Library', 4, 10, 'Project Room'),
    ('LKSLIB-PROJECT-ROOM-4-11', 'LKSLIB Project Room 4-11', 'Li Ka Shing Library', 4, 10, 'Project Room'),
    ('LKSLIB-PROJECT-ROOM-4-12', 'LKSLIB Project Room 4-12', 'Li Ka Shing Library', 4, 10, 'Project Room'),
    ('LKSLIB-PROJECT-ROOM-4-13', 'LKSLIB Project Room 4-13', 'Li Ka Shing Library', 4, 10, 'Project Room'),
    ('LKSLIB-PROJECT-ROOM-4-14', 'LKSLIB Project Room 4-14', 'Li Ka Shing Library', 4, 10, 'Project Room'),
    ('LKSLIB-PROJECT-ROOM-4-15', 'LKSLIB Project Room 4-15', 'Li Ka Shing Library', 4, 10, 'Project Room'),
    ('LKSLIB-PROJECT-ROOM-4-16', 'LKSLIB Project Room 4-16', 'Li Ka Shing Library', 4, 10, 'Project Room'),
    ('LKSLIB-PROJECT-ROOM-4-18', 'LKSLIB Project Room 4-18', 'Li Ka Shing Library', 4, 10, 'Project Room'),
    ('LKSLIB-PROJECT-ROOM-4-2', 'LKSLIB Project Room 4-2', 'Li Ka Shing Library', 4, 10, 'Project Room'),
    ('LKSLIB-PROJECT-ROOM-4-4', 'LKSLIB Project Room 4-4', 'Li Ka Shing Library', 4, 10, 'Project Room'),
    ('LKSLIB-PROJECT-ROOM-4-5', 'LKSLIB Project Room 4-5', 'Li Ka Shing Library', 4, 10, 'Project Room'),
    ('LKSLIB-PROJECT-ROOM-4-6', 'LKSLIB Project Room 4-6', 'Li Ka Shing Library', 4, 10, 'Project Room'),
    ('LKSLIB-PROJECT-ROOM-4-7', 'LKSLIB Project Room 4-7', 'Li Ka Shing Library', 4, 10, 'Project Room'),
    ('LKSLIB-PROJECT-ROOM-4-8', 'LKSLIB Project Room 4-8', 'Li Ka Shing Library', 4, 10, 'Project Room'),
    ('LKSLIB-PROJECT-ROOM-4-9', 'LKSLIB Project Room 4-9', 'Li Ka Shing Library', 4, 10, 'Project Room'),
    ('LKSLIB-PROJECT-ROOM-5-1', 'LKSLIB Project Room 5-1', 'Li Ka Shing Library', 5, 10, 'Project Room (Level 5)'),
    ('LKSLIB-PROJECT-ROOM-5-10', 'LKSLIB Project Room 5-10', 'Li Ka Shing Library', 5, 10, 'Project Room (Level 5)'),
    ('LKSLIB-PROJECT-ROOM-5-2', 'LKSLIB Project Room 5-2', 'Li Ka Shing Library', 5, 10, 'Project Room (Level 5)'),
    ('LKSLIB-PROJECT-ROOM-5-3', 'LKSLIB Project Room 5-3', 'Li Ka Shing Library', 5, 10, 'Project Room (Level 5)'),
    ('LKSLIB-PROJECT-ROOM-5-4', 'LKSLIB Project Room 5-4', 'Li Ka Shing Library', 5, 10, 'Project Room (Level 5)'),
    ('LKSLIB-PROJECT-ROOM-5-5', 'LKSLIB Project Room 5-5', 'Li Ka Shing Library', 5, 10, 'Project Room (Level 5)'),
    ('LKSLIB-PROJECT-ROOM-5-6', 'LKSLIB Project Room 5-6', 'Li Ka Shing Library', 5, 10, 'Project Room (Level 5)'),
    ('LKSLIB-PROJECT-ROOM-5-7', 'LKSLIB Project Room 5-7', 'Li Ka Shing Library', 5, 10, 'Project Room (Level 5)'),
    ('LKSLIB-PROJECT-ROOM-5-8', 'LKSLIB Project Room 5-8', 'Li Ka Shing Library', 5, 10, 'Project Room (Level 5)'),
    ('LKSLIB-PROJECT-ROOM-5-9', 'LKSLIB Project Room 5-9', 'Li Ka Shing Library', 5, 10, 'Project Room (Level 5)'),
    ('LKSLIB-STUDY-BOOTH-2-1', 'LKSLIB Study Booth 2-1', 'Li Ka Shing Library', 2, 1, 'Study Booth'),
    ('LKSLIB-STUDY-BOOTH-2-2', 'LKSLIB Study Booth 2-2', 'Li Ka Shing Library', 2, 1, 'Study Booth'),
    ('LKSLIB-STUDY-BOOTH-2-3', 'LKSLIB Study Booth 2-3', 'Li Ka Shing Library', 2, 1, 'Study Booth'),
    ('LKSLIB-STUDY-BOOTH-2-4', 'LKSLIB Study Booth 2-4', 'Li Ka Shing Library', 2, 1, 'Study Booth'),
    ('LKSLIB-STUDY-BOOTH-2-5', 'LKSLIB Study Booth 2-5', 'Li Ka Shing Library', 2, 1, 'Study Booth'),
    ('LKSLIB-STUDY-BOOTH-3-1', 'LKSLIB Study Booth 3-1', 'Li Ka Shing Library', 3, 1, 'Study Booth'),
    ('LKSLIB-STUDY-BOOTH-4-1', 'LKSLIB Study Booth 4-1', 'Li Ka Shing Library', 4, 1, 'Study Booth'),
    ('LKSLIB-STUDY-BOOTH-4-2', 'LKSLIB Study Booth 4-2', 'Li Ka Shing Library', 4, 1, 'Study Booth'),
    ('LKSLIB-STUDY-BOOTH-4-3', 'LKSLIB Study Booth 4-3', 'Li Ka Shing Library', 4, 1, 'Study Booth'),
    ('SCIS1-CLASSROOM-3-1', 'SCIS1 Classroom 3-1', 'School of Computing & Information Systems 1', 3, 40, 'Classroom'),
    ('SCIS1-CLASSROOM-3-2', 'SCIS1 Classroom 3-2', 'School of Computing & Information Systems 1', 3, 40, 'Classroom'),
    ('SCIS1-CLASSROOM-B1-1', 'SCIS1 Classroom B1-1', 'School of Computing & Information Systems 1', -1, 40, 'Classroom'),
    ('SCIS1-GSR-2-1', 'SCIS1 GSR 2-1', 'School of Computing & Information Systems 1', 2, 8, 'Group Study Room'),
    ('SCIS1-GSR-2-2', 'SCIS1 GSR 2-2', 'School of Computing & Information Systems 1', 2, 8, 'Group Study Room'),
    ('SCIS1-GSR-2-3', 'SCIS1 GSR 2-3', 'School of Computing & Information Systems 1', 2, 8, 'Group Study Room'),
    ('SCIS1-GSR-2-4', 'SCIS1 GSR 2-4', 'School of Computing & Information Systems 1', 2, 8, 'Group Study Room'),
    ('SCIS1-GSR-2-5', 'SCIS1 GSR 2-5', 'School of Computing & Information Systems 1', 2, 8, 'Group Study Room'),
    ('SCIS1-GSR-2-6', 'SCIS1 GSR 2-6', 'School of Computing & Information Systems 1', 2, 8, 'Group Study Room'),
    ('SCIS1-GSR-2-7', 'SCIS1 GSR 2-7', 'School of Computing & Information Systems 1', 2, 8, 'Group Study Room'),
    ('SCIS1-GSR-3-1', 'SCIS1 GSR 3-1', 'School of Computing & Information Systems 1', 3, 8, 'Group Study Room'),
    ('SCIS1-GSR-3-2', 'SCIS1 GSR 3-2', 'School of Computing & Information Systems 1', 3, 8, 'Group Study Room'),
    ('SCIS1-GSR-3-3', 'SCIS1 GSR 3-3', 'School of Computing & Information Systems 1', 3, 8, 'Group Study Room'),
    ('SCIS1-GSR-3-4', 'SCIS1 GSR 3-4', 'School of Computing & Information Systems 1', 3, 8, 'Group Study Room'),
    ('SCIS1-GSR-3-5', 'SCIS1 GSR 3-5', 'School of Computing & Information Systems 1', 3, 8, 'Group Study Room'),
    ('SCIS1-GSR-3-6', 'SCIS1 GSR 3-6', 'School of Computing & Information Systems 1', 3, 8, 'Group Study Room'),
    ('SCIS1-MEETING-POD-3-1', 'SCIS1 Meeting Pod 3-1', 'School of Computing & Information Systems 1', 3, 4, 'Meeting Pod'),
    ('SCIS1-MEETING-POD-3-2', 'SCIS1 Meeting Pod 3-2', 'School of Computing & Information Systems 1', 3, 4, 'Meeting Pod'),
    ('SCIS1-SEMINAR-ROOM-2-1', 'SCIS1 Seminar Room 2-1', 'School of Computing & Information Systems 1', 2, 20, 'Seminar Room'),
    ('SCIS1-SEMINAR-ROOM-2-2', 'SCIS1 Seminar Room 2-2', 'School of Computing & Information Systems 1', 2, 20, 'Seminar Room'),
    ('SCIS1-SEMINAR-ROOM-2-3', 'SCIS1 Seminar Room 2-3', 'School of Computing & Information Systems 1', 2, 20, 'Seminar Room'),
    ('SCIS1-SEMINAR-ROOM-2-4', 'SCIS1 Seminar Room 2-4', 'School of Computing & Information Systems 1', 2, 20, 'Seminar Room'),
    ('SCIS1-SEMINAR-ROOM-3-1', 'SCIS1 Seminar Room 3-1', 'School of Computing & Information Systems 1', 3, 20, 'Seminar Room'),
    ('SCIS1-SEMINAR-ROOM-3-2', 'SCIS1 Seminar Room 3-2', 'School of Computing & Information Systems 1', 3, 20, 'Seminar Room'),
    ('SCIS1-SEMINAR-ROOM-3-3', 'SCIS1 Seminar Room 3-3', 'School of Computing & Information Systems 1', 3, 20, 'Seminar Room'),
    ('SCIS1-SEMINAR-ROOM-3-4', 'SCIS1 Seminar Room 3-4', 'School of Computing & Information Systems 1', 3, 20, 'Seminar Room'),
    ('SCIS1-SEMINAR-ROOM-B1-1', 'SCIS1 Seminar Room B1-1', 'School of Computing & Information Systems 1', -1, 20, 'Seminar Room'),
    ('SMUC-ACTIVE-LEARNING-CLASSROOM-3-1', 'SMUC Active Learning Classroom 3-1', 'SMU Connexion', 3, 12, 'SMUC Facilities'),
    ('SMUC-ACTIVE-LEARNING-CLASSROOM-3-2', 'SMUC Active Learning Classroom 3-2', 'SMU Connexion', 3, 12, 'SMUC Facilities'),
    ('SMUC-ACTIVE-LEARNING-CLASSROOM-3-3', 'SMUC Active Learning Classroom 3-3', 'SMU Connexion', 3, 12, 'SMUC Facilities'),
    ('SMUC-ACTIVE-LEARNING-CLASSROOM-4-1', 'SMUC Active Learning Classroom 4-1', 'SMU Connexion', 4, 12, 'SMUC Facilities'),
    ('SMUC-ACTIVE-LEARNING-CLASSROOM-4-2', 'SMUC Active Learning Classroom 4-2', 'SMU Connexion', 4, 12, 'SMUC Facilities'),
    ('SMUC-CHATTERBOX-3-1', 'SMUC Chatterbox 3-1', 'SMU Connexion', 3, 4, 'Chatterbox'),
    ('SMUC-CHATTERBOX-3-2', 'SMUC Chatterbox 3-2', 'SMU Connexion', 3, 4, 'Chatterbox'),
    ('SMUC-CHATTERBOX-3-3', 'SMUC Chatterbox 3-3', 'SMU Connexion', 3, 4, 'Chatterbox'),
    ('SMUC-CHATTERBOX-3-4', 'SMUC Chatterbox 3-4', 'SMU Connexion', 3, 4, 'Chatterbox'),
    ('SMUC-CHATTERBOX-3-5', 'SMUC Chatterbox 3-5', 'SMU Connexion', 3, 4, 'Chatterbox'),
    ('SMUC-CHATTERBOX-3-6', 'SMUC Chatterbox 3-6', 'SMU Connexion', 3, 4, 'Chatterbox'),
    ('SMUC-JAMMING-ROOM', 'SMUC Jamming Room', 'SMU Connexion', 1, 12, 'SMUC Facilities'),
    ('SMUC-MEETING-LOUNGE-4-1', 'SMUC Meeting Lounge 4-1', 'SMU Connexion', 4, 12, 'SMUC Facilities'),
    ('SMUC-MEETING-POD-4-1', 'SMUC Meeting Pod 4-1', 'SMU Connexion', 4, 4, 'Meeting Pod'),
    ('SMUC-MEETING-POD-4-2', 'SMUC Meeting Pod 4-2', 'SMU Connexion', 4, 4, 'Meeting Pod'),
    ('SMUC-MEETING-POD-4-3', 'SMUC Meeting Pod 4-3', 'SMU Connexion', 4, 4, 'Meeting Pod'),
    ('SMUC-MEETING-POD-4-4', 'SMUC Meeting Pod 4-4', 'SMU Connexion', 4, 4, 'Meeting Pod'),
    ('SMUC-MEETING-POD-4-5', 'SMUC Meeting Pod 4-5', 'SMU Connexion', 4, 4, 'Meeting Pod'),
    ('SMUC-MEETING-POD-4-6', 'SMUC Meeting Pod 4-6', 'SMU Connexion', 4, 4, 'Meeting Pod'),
    ('SMUC-MEETING-POD-4-7', 'SMUC Meeting Pod 4-7', 'SMU Connexion', 4, 4, 'Meeting Pod'),
    ('SMUC-STUDY-BOOTH-2-1', 'SMUC Study Booth 2-1', 'SMU Connexion', 2, 1, 'Study Booth'),
    ('SMUC-STUDY-BOOTH-2-2', 'SMUC Study Booth 2-2', 'SMU Connexion', 2, 1, 'Study Booth'),
    ('SMUC-STUDY-BOOTH-3-1', 'SMUC Study Booth 3-1', 'SMU Connexion', 3, 1, 'Study Booth'),
    ('SMUC-STUDY-BOOTH-3-2', 'SMUC Study Booth 3-2', 'SMU Connexion', 3, 1, 'Study Booth'),
    ('SMUC-STUDY-BOOTH-3-3', 'SMUC Study Booth 3-3', 'SMU Connexion', 3, 1, 'Study Booth'),
    ('SMUC-STUDY-BOOTH-3-4', 'SMUC Study Booth 3-4', 'SMU Connexion', 3, 1, 'Study Booth'),
    ('SMUC-STUDY-BOOTH-3-5', 'SMUC Study Booth 3-5', 'SMU Connexion', 3, 1, 'Study Booth'),
    ('SMUC-STUDY-BOOTH-3-6', 'SMUC Study Booth 3-6', 'SMU Connexion', 3, 1, 'Study Booth'),
    ('SMUC-STUDY-BOOTH-3-7', 'SMUC Study Booth 3-7', 'SMU Connexion', 3, 1, 'Study Booth'),
    ('SMUC-STUDY-BOOTH-4-1', 'SMUC Study Booth 4-1', 'SMU Connexion', 4, 1, 'Study Booth'),
    ('SMUC-STUDY-BOOTH-4-10', 'SMUC Study Booth 4-10', 'SMU Connexion', 4, 1, 'Study Booth'),
    ('SMUC-STUDY-BOOTH-4-2', 'SMUC Study Booth 4-2', 'SMU Connexion', 4, 1, 'Study Booth'),
    ('SMUC-STUDY-BOOTH-4-3', 'SMUC Study Booth 4-3', 'SMU Connexion', 4, 1, 'Study Booth'),
    ('SMUC-STUDY-BOOTH-4-4', 'SMUC Study Booth 4-4', 'SMU Connexion', 4, 1, 'Study Booth'),
    ('SMUC-STUDY-BOOTH-4-5', 'SMUC Study Booth 4-5', 'SMU Connexion', 4, 1, 'Study Booth'),
    ('SMUC-STUDY-BOOTH-4-6', 'SMUC Study Booth 4-6', 'SMU Connexion', 4, 1, 'Study Booth'),
    ('SMUC-STUDY-BOOTH-4-7', 'SMUC Study Booth 4-7', 'SMU Connexion', 4, 1, 'Study Booth'),
    ('SMUC-STUDY-BOOTH-4-8', 'SMUC Study Booth 4-8', 'SMU Connexion', 4, 1, 'Study Booth'),
    ('SMUC-STUDY-BOOTH-4-9', 'SMUC Study Booth 4-9', 'SMU Connexion', 4, 1, 'Study Booth'),
    ('SOA-CLASSROOM-2-1', 'SOA Classroom 2-1', 'School of Accountancy', 2, 40, 'Classroom'),
    ('SOA-GSR-2-1', 'SOA GSR 2-1', 'School of Accountancy', 2, 8, 'Group Study Room'),
    ('SOA-GSR-2-2', 'SOA GSR 2-2', 'School of Accountancy', 2, 8, 'Group Study Room'),
    ('SOA-GSR-2-3', 'SOA GSR 2-3', 'School of Accountancy', 2, 8, 'Group Study Room'),
    ('SOA-GSR-2-4', 'SOA GSR 2-4', 'School of Accountancy', 2, 8, 'Group Study Room'),
    ('SOA-GSR-2-5', 'SOA GSR 2-5', 'School of Accountancy', 2, 8, 'Group Study Room'),
    ('SOA-GSR-2-6', 'SOA GSR 2-6', 'School of Accountancy', 2, 8, 'Group Study Room'),
    ('SOA-GSR-2-7', 'SOA GSR 2-7', 'School of Accountancy', 2, 8, 'Group Study Room'),
    ('SOA-GSR-2-8', 'SOA GSR 2-8', 'School of Accountancy', 2, 8, 'Group Study Room'),
    ('SOA-GSR-2-9', 'SOA GSR 2-9', 'School of Accountancy', 2, 8, 'Group Study Room'),
    ('SOA-GSR-3-1', 'SOA GSR 3-1', 'School of Accountancy', 3, 8, 'Group Study Room'),
    ('SOA-GSR-3-10', 'SOA GSR 3-10', 'School of Accountancy', 3, 8, 'Group Study Room'),
    ('SOA-GSR-3-2', 'SOA GSR 3-2', 'School of Accountancy', 3, 8, 'Group Study Room'),
    ('SOA-GSR-3-3', 'SOA GSR 3-3', 'School of Accountancy', 3, 8, 'Group Study Room'),
    ('SOA-GSR-3-4', 'SOA GSR 3-4', 'School of Accountancy', 3, 8, 'Group Study Room'),
    ('SOA-GSR-3-5', 'SOA GSR 3-5', 'School of Accountancy', 3, 8, 'Group Study Room'),
    ('SOA-GSR-3-6', 'SOA GSR 3-6', 'School of Accountancy', 3, 8, 'Group Study Room'),
    ('SOA-GSR-3-7', 'SOA GSR 3-7', 'School of Accountancy', 3, 8, 'Group Study Room'),
    ('SOA-GSR-3-8', 'SOA GSR 3-8', 'School of Accountancy', 3, 8, 'Group Study Room'),
    ('SOA-GSR-3-9', 'SOA GSR 3-9', 'School of Accountancy', 3, 8, 'Group Study Room'),
    ('SOA-MEETING-POD-3-1', 'SOA Meeting Pod 3-1', 'School of Accountancy', 3, 4, 'Meeting Pod'),
    ('SOA-MEETING-POD-3-2', 'SOA Meeting Pod 3-2', 'School of Accountancy', 3, 4, 'Meeting Pod'),
    ('SOA-SEMINAR-ROOM-1-1', 'SOA Seminar Room 1-1', 'School of Accountancy', 1, 20, 'Seminar Room'),
    ('SOA-SEMINAR-ROOM-1-2', 'SOA Seminar Room 1-2', 'School of Accountancy', 1, 20, 'Seminar Room'),
    ('SOA-SEMINAR-ROOM-1-3', 'SOA Seminar Room 1-3', 'School of Accountancy', 1, 20, 'Seminar Room'),
    ('SOA-SEMINAR-ROOM-2-1', 'SOA Seminar Room 2-1', 'School of Accountancy', 2, 20, 'Seminar Room'),
    ('SOA-SEMINAR-ROOM-2-2', 'SOA Seminar Room 2-2', 'School of Accountancy', 2, 20, 'Seminar Room'),
    ('SOA-SEMINAR-ROOM-2-3', 'SOA Seminar Room 2-3', 'School of Accountancy', 2, 20, 'Seminar Room'),
    ('SOA-SEMINAR-ROOM-2-4', 'SOA Seminar Room 2-4', 'School of Accountancy', 2, 20, 'Seminar Room'),
    ('SOA-SEMINAR-ROOM-2-5', 'SOA Seminar Room 2-5', 'School of Accountancy', 2, 20, 'Seminar Room'),
    ('SOA-SEMINAR-ROOM-3-1', 'SOA Seminar Room 3-1', 'School of Accountancy', 3, 20, 'Seminar Room'),
    ('SOA-SEMINAR-ROOM-3-2', 'SOA Seminar Room 3-2', 'School of Accountancy', 3, 20, 'Seminar Room'),
    ('SOA-SEMINAR-ROOM-3-3', 'SOA Seminar Room 3-3', 'School of Accountancy', 3, 20, 'Seminar Room'),
    ('SOA-SEMINAR-ROOM-3-4', 'SOA Seminar Room 3-4', 'School of Accountancy', 3, 20, 'Seminar Room'),
    ('SOA-SEMINAR-ROOM-3-5', 'SOA Seminar Room 3-5', 'School of Accountancy', 3, 20, 'Seminar Room'),
    ('SOE-SCIS2-CATERING-AREA-3C-NEAR-TO-GSR-3-10', 'SOE/SCIS2 Catering Area 3C (Near to GSR 3-10)', 'School of Economics/School of Computing & Information Systems 2', 3, 30, 'Catering Area'),
    ('SOE-SCIS2-CATERING-AREA-3D-NEAR-TO-GSR-3-10', 'SOE/SCIS2 Catering Area 3D (Near to GSR 3-10)', 'School of Economics/School of Computing & Information Systems 2', 3, 30, 'Catering Area'),
    ('SOE-SCIS2-CATERING-AREA-3E-NEAR-TO-GSR-3-10', 'SOE/SCIS2 Catering Area 3E (Near to GSR 3-10)', 'School of Economics/School of Computing & Information Systems 2', 3, 30, 'Catering Area'),
    ('SOE-SCIS2-CATERING-AREA-3F-NEAR-TO-GSR-3-10', 'SOE/SCIS2 Catering Area 3F (Near to GSR 3-10)', 'School of Economics/School of Computing & Information Systems 2', 3, 30, 'Catering Area'),
    ('SOE-SCIS2-CATERING-AREA-4A-NEAR-TO-SR-4-2', 'SOE/SCIS2 Catering Area 4A (Near to SR 4-2)', 'School of Economics/School of Computing & Information Systems 2', 4, 30, 'Catering Area'),
    ('SOE-SCIS2-CATERING-AREA-4B-NEAR-TO-SR-4-2', 'SOE/SCIS2 Catering Area 4B (Near to SR 4-2)', 'School of Economics/School of Computing & Information Systems 2', 4, 30, 'Catering Area'),
    ('SOE-SCIS2-CATERING-AREA-4C-NEAR-TO-SR-4-4', 'SOE/SCIS2 Catering Area 4C (Near to SR 4-4)', 'School of Economics/School of Computing & Information Systems 2', 4, 30, 'Catering Area'),
    ('SOE-SCIS2-CLASSROOM-2-1', 'SOE/SCIS2 Classroom 2-1', 'School of Economics/School of Computing & Information Systems 2', 2, 40, 'Classroom'),
    ('SOE-SCIS2-CLASSROOM-2-2', 'SOE/SCIS2 Classroom 2-2', 'School of Economics/School of Computing & Information Systems 2', 2, 40, 'Classroom'),
    ('SOE-SCIS2-CLASSROOM-3-1', 'SOE/SCIS2 Classroom 3-1', 'School of Economics/School of Computing & Information Systems 2', 3, 40, 'Classroom'),
    ('SOE-SCIS2-CLASSROOM-3-2', 'SOE/SCIS2 Classroom 3-2', 'School of Economics/School of Computing & Information Systems 2', 3, 40, 'Classroom'),
    ('SOE-SCIS2-CLASSROOM-3-3', 'SOE/SCIS2 Classroom 3-3', 'School of Economics/School of Computing & Information Systems 2', 3, 40, 'Classroom'),
    ('SOE-SCIS2-CLASSROOM-4-1', 'SOE/SCIS2 Classroom 4-1', 'School of Economics/School of Computing & Information Systems 2', 4, 40, 'Classroom'),
    ('SOE-SCIS2-CLASSROOM-4-3', 'SOE/SCIS2 Classroom 4-3', 'School of Economics/School of Computing & Information Systems 2', 4, 40, 'Classroom'),
    ('SOE-SCIS2-GSR-2-1', 'SOE/SCIS2 GSR 2-1', 'School of Economics/School of Computing & Information Systems 2', 2, 8, 'Group Study Room'),
    ('SOE-SCIS2-GSR-2-10', 'SOE/SCIS2 GSR 2-10', 'School of Economics/School of Computing & Information Systems 2', 2, 8, 'Group Study Room'),
    ('SOE-SCIS2-GSR-2-11', 'SOE/SCIS2 GSR 2-11', 'School of Economics/School of Computing & Information Systems 2', 2, 8, 'Group Study Room'),
    ('SOE-SCIS2-GSR-2-12', 'SOE/SCIS2 GSR 2-12', 'School of Economics/School of Computing & Information Systems 2', 2, 8, 'Group Study Room'),
    ('SOE-SCIS2-GSR-2-13', 'SOE/SCIS2 GSR 2-13', 'School of Economics/School of Computing & Information Systems 2', 2, 8, 'Group Study Room'),
    ('SOE-SCIS2-GSR-2-14', 'SOE/SCIS2 GSR 2-14', 'School of Economics/School of Computing & Information Systems 2', 2, 8, 'Group Study Room'),
    ('SOE-SCIS2-GSR-2-15', 'SOE/SCIS2 GSR 2-15', 'School of Economics/School of Computing & Information Systems 2', 2, 8, 'Group Study Room'),
    ('SOE-SCIS2-GSR-2-16', 'SOE/SCIS2 GSR 2-16', 'School of Economics/School of Computing & Information Systems 2', 2, 8, 'Group Study Room'),
    ('SOE-SCIS2-GSR-2-17', 'SOE/SCIS2 GSR 2-17', 'School of Economics/School of Computing & Information Systems 2', 2, 8, 'Group Study Room'),
    ('SOE-SCIS2-GSR-2-2', 'SOE/SCIS2 GSR 2-2', 'School of Economics/School of Computing & Information Systems 2', 2, 8, 'Group Study Room'),
    ('SOE-SCIS2-GSR-2-3', 'SOE/SCIS2 GSR 2-3', 'School of Economics/School of Computing & Information Systems 2', 2, 8, 'Group Study Room'),
    ('SOE-SCIS2-GSR-2-4', 'SOE/SCIS2 GSR 2-4', 'School of Economics/School of Computing & Information Systems 2', 2, 8, 'Group Study Room'),
    ('SOE-SCIS2-GSR-2-5', 'SOE/SCIS2 GSR 2-5', 'School of Economics/School of Computing & Information Systems 2', 2, 8, 'Group Study Room'),
    ('SOE-SCIS2-GSR-2-6', 'SOE/SCIS2 GSR 2-6', 'School of Economics/School of Computing & Information Systems 2', 2, 8, 'Group Study Room'),
    ('SOE-SCIS2-GSR-2-7', 'SOE/SCIS2 GSR 2-7', 'School of Economics/School of Computing & Information Systems 2', 2, 8, 'Group Study Room'),
    ('SOE-SCIS2-GSR-2-8', 'SOE/SCIS2 GSR 2-8', 'School of Economics/School of Computing & Information Systems 2', 2, 8, 'Group Study Room'),
    ('SOE-SCIS2-GSR-2-9', 'SOE/SCIS2 GSR 2-9', 'School of Economics/School of Computing & Information Systems 2', 2, 8, 'Group Study Room'),
    ('SOE-SCIS2-GSR-3-1', 'SOE/SCIS2 GSR 3-1', 'School of Economics/School of Computing & Information Systems 2', 3, 8, 'Group Study Room'),
    ('SOE-SCIS2-GSR-3-10', 'SOE/SCIS2 GSR 3-10', 'School of Economics/School of Computing & Information Systems 2', 3, 8, 'Group Study Room'),
    ('SOE-SCIS2-GSR-3-11', 'SOE/SCIS2 GSR 3-11', 'School of Economics/School of Computing & Information Systems 2', 3, 8, 'Group Study Room'),
    ('SOE-SCIS2-GSR-3-12', 'SOE/SCIS2 GSR 3-12', 'School of Economics/School of Computing & Information Systems 2', 3, 8, 'Group Study Room'),
    ('SOE-SCIS2-GSR-3-13', 'SOE/SCIS2 GSR 3-13', 'School of Economics/School of Computing & Information Systems 2', 3, 8, 'Group Study Room'),
    ('SOE-SCIS2-GSR-3-14', 'SOE/SCIS2 GSR 3-14', 'School of Economics/School of Computing & Information Systems 2', 3, 8, 'Group Study Room'),
    ('SOE-SCIS2-GSR-3-15', 'SOE/SCIS2 GSR 3-15', 'School of Economics/School of Computing & Information Systems 2', 3, 8, 'Group Study Room'),
    ('SOE-SCIS2-GSR-3-16', 'SOE/SCIS2 GSR 3-16', 'School of Economics/School of Computing & Information Systems 2', 3, 8, 'Group Study Room'),
    ('SOE-SCIS2-GSR-3-17', 'SOE/SCIS2 GSR 3-17', 'School of Economics/School of Computing & Information Systems 2', 3, 8, 'Group Study Room'),
    ('SOE-SCIS2-GSR-3-18', 'SOE/SCIS2 GSR 3-18', 'School of Economics/School of Computing & Information Systems 2', 3, 8, 'Group Study Room'),
    ('SOE-SCIS2-GSR-3-2', 'SOE/SCIS2 GSR 3-2', 'School of Economics/School of Computing & Information Systems 2', 3, 8, 'Group Study Room'),
    ('SOE-SCIS2-GSR-3-3', 'SOE/SCIS2 GSR 3-3', 'School of Economics/School of Computing & Information Systems 2', 3, 8, 'Group Study Room'),
    ('SOE-SCIS2-GSR-3-4', 'SOE/SCIS2 GSR 3-4', 'School of Economics/School of Computing & Information Systems 2', 3, 8, 'Group Study Room'),
    ('SOE-SCIS2-GSR-3-5', 'SOE/SCIS2 GSR 3-5', 'School of Economics/School of Computing & Information Systems 2', 3, 8, 'Group Study Room'),
    ('SOE-SCIS2-GSR-3-6', 'SOE/SCIS2 GSR 3-6', 'School of Economics/School of Computing & Information Systems 2', 3, 8, 'Group Study Room'),
    ('SOE-SCIS2-GSR-3-7', 'SOE/SCIS2 GSR 3-7', 'School of Economics/School of Computing & Information Systems 2', 3, 8, 'Group Study Room'),
    ('SOE-SCIS2-GSR-3-8', 'SOE/SCIS2 GSR 3-8', 'School of Economics/School of Computing & Information Systems 2', 3, 8, 'Group Study Room'),
    ('SOE-SCIS2-GSR-3-9', 'SOE/SCIS2 GSR 3-9', 'School of Economics/School of Computing & Information Systems 2', 3, 8, 'Group Study Room'),
    ('SOE-SCIS2-GSR-4-10', 'SOE/SCIS2 GSR 4-10', 'School of Economics/School of Computing & Information Systems 2', 4, 8, 'Group Study Room'),
    ('SOE-SCIS2-GSR-4-4', 'SOE/SCIS2 GSR 4-4', 'School of Economics/School of Computing & Information Systems 2', 4, 8, 'Group Study Room'),
    ('SOE-SCIS2-GSR-4-5', 'SOE/SCIS2 GSR 4-5', 'School of Economics/School of Computing & Information Systems 2', 4, 8, 'Group Study Room'),
    ('SOE-SCIS2-GSR-4-6', 'SOE/SCIS2 GSR 4-6', 'School of Economics/School of Computing & Information Systems 2', 4, 8, 'Group Study Room'),
    ('SOE-SCIS2-GSR-4-7', 'SOE/SCIS2 GSR 4-7', 'School of Economics/School of Computing & Information Systems 2', 4, 8, 'Group Study Room'),
    ('SOE-SCIS2-GSR-4-8', 'SOE/SCIS2 GSR 4-8', 'School of Economics/School of Computing & Information Systems 2', 4, 8, 'Group Study Room'),
    ('SOE-SCIS2-GSR-4-9', 'SOE/SCIS2 GSR 4-9', 'School of Economics/School of Computing & Information Systems 2', 4, 8, 'Group Study Room'),
    ('SOE-SCIS2-MEETING-POD-3-1', 'SOE/SCIS2 Meeting Pod 3-1', 'School of Economics/School of Computing & Information Systems 2', 3, 4, 'Meeting Pod'),
    ('SOE-SCIS2-MEETING-POD-3-2', 'SOE/SCIS2 Meeting Pod 3-2', 'School of Economics/School of Computing & Information Systems 2', 3, 4, 'Meeting Pod'),
    ('SOE-SCIS2-MEETING-POD-3-3', 'SOE/SCIS2 Meeting Pod 3-3', 'School of Economics/School of Computing & Information Systems 2', 3, 4, 'Meeting Pod'),
    ('SOE-SCIS2-MEETING-POD-3-4', 'SOE/SCIS2 Meeting Pod 3-4', 'School of Economics/School of Computing & Information Systems 2', 3, 4, 'Meeting Pod'),
    ('SOE-SCIS2-SEMINAR-ROOM-2-1', 'SOE/SCIS2 Seminar Room 2-1', 'School of Economics/School of Computing & Information Systems 2', 2, 20, 'Seminar Room'),
    ('SOE-SCIS2-SEMINAR-ROOM-2-10', 'SOE/SCIS2 Seminar Room 2-10', 'School of Economics/School of Computing & Information Systems 2', 2, 20, 'Seminar Room'),
    ('SOE-SCIS2-SEMINAR-ROOM-2-2', 'SOE/SCIS2 Seminar Room 2-2', 'School of Economics/School of Computing & Information Systems 2', 2, 20, 'Seminar Room'),
    ('SOE-SCIS2-SEMINAR-ROOM-2-3', 'SOE/SCIS2 Seminar Room 2-3', 'School of Economics/School of Computing & Information Systems 2', 2, 20, 'Seminar Room'),
    ('SOE-SCIS2-SEMINAR-ROOM-2-4', 'SOE/SCIS2 Seminar Room 2-4', 'School of Economics/School of Computing & Information Systems 2', 2, 20, 'Seminar Room'),
    ('SOE-SCIS2-SEMINAR-ROOM-2-5', 'SOE/SCIS2 Seminar Room 2-5', 'School of Economics/School of Computing & Information Systems 2', 2, 20, 'Seminar Room'),
    ('SOE-SCIS2-SEMINAR-ROOM-2-6', 'SOE/SCIS2 Seminar Room 2-6', 'School of Economics/School of Computing & Information Systems 2', 2, 20, 'Seminar Room'),
    ('SOE-SCIS2-SEMINAR-ROOM-2-7', 'SOE/SCIS2 Seminar Room 2-7', 'School of Economics/School of Computing & Information Systems 2', 2, 20, 'Seminar Room'),
    ('SOE-SCIS2-SEMINAR-ROOM-2-8', 'SOE/SCIS2 Seminar Room 2-8', 'School of Economics/School of Computing & Information Systems 2', 2, 20, 'Seminar Room'),
    ('SOE-SCIS2-SEMINAR-ROOM-2-9', 'SOE/SCIS2 Seminar Room 2-9', 'School of Economics/School of Computing & Information Systems 2', 2, 20, 'Seminar Room'),
    ('SOE-SCIS2-SEMINAR-ROOM-3-1', 'SOE/SCIS2 Seminar Room 3-1', 'School of Economics/School of Computing & Information Systems 2', 3, 20, 'Seminar Room'),
    ('SOE-SCIS2-SEMINAR-ROOM-3-10', 'SOE/SCIS2 Seminar Room 3-10', 'School of Economics/School of Computing & Information Systems 2', 3, 20, 'Seminar Room'),
    ('SOE-SCIS2-SEMINAR-ROOM-3-2', 'SOE/SCIS2 Seminar Room 3-2', 'School of Economics/School of Computing & Information Systems 2', 3, 20, 'Seminar Room'),
    ('SOE-SCIS2-SEMINAR-ROOM-3-3', 'SOE/SCIS2 Seminar Room 3-3', 'School of Economics/School of Computing & Information Systems 2', 3, 20, 'Seminar Room'),
    ('SOE-SCIS2-SEMINAR-ROOM-3-4', 'SOE/SCIS2 Seminar Room 3-4', 'School of Economics/School of Computing & Information Systems 2', 3, 20, 'Seminar Room'),
    ('SOE-SCIS2-SEMINAR-ROOM-3-5', 'SOE/SCIS2 Seminar Room 3-5', 'School of Economics/School of Computing & Information Systems 2', 3, 20, 'Seminar Room'),
    ('SOE-SCIS2-SEMINAR-ROOM-3-6', 'SOE/SCIS2 Seminar Room 3-6', 'School of Economics/School of Computing & Information Systems 2', 3, 20, 'Seminar Room'),
    ('SOE-SCIS2-SEMINAR-ROOM-3-7', 'SOE/SCIS2 Seminar Room 3-7', 'School of Economics/School of Computing & Information Systems 2', 3, 20, 'Seminar Room'),
    ('SOE-SCIS2-SEMINAR-ROOM-3-8', 'SOE/SCIS2 Seminar Room 3-8', 'School of Economics/School of Computing & Information Systems 2', 3, 20, 'Seminar Room'),
    ('SOE-SCIS2-SEMINAR-ROOM-3-9', 'SOE/SCIS2 Seminar Room 3-9', 'School of Economics/School of Computing & Information Systems 2', 3, 20, 'Seminar Room'),
    ('SOE-SCIS2-SEMINAR-ROOM-4-1', 'SOE/SCIS2 Seminar Room 4-1', 'School of Economics/School of Computing & Information Systems 2', 4, 20, 'Seminar Room'),
    ('SOE-SCIS2-SEMINAR-ROOM-4-2', 'SOE/SCIS2 Seminar Room 4-2', 'School of Economics/School of Computing & Information Systems 2', 4, 20, 'Seminar Room'),
    ('SOE-SCIS2-SEMINAR-ROOM-4-3', 'SOE/SCIS2 Seminar Room 4-3', 'School of Economics/School of Computing & Information Systems 2', 4, 20, 'Seminar Room'),
    ('SOE-SCIS2-SEMINAR-ROOM-4-4', 'SOE/SCIS2 Seminar Room 4-4', 'School of Economics/School of Computing & Information Systems 2', 4, 20, 'Seminar Room'),
    ('SOE-SCIS2-SEMINAR-ROOM-5-1', 'SOE/SCIS2 Seminar Room 5-1', 'School of Economics/School of Computing & Information Systems 2', 5, 20, 'Seminar Room'),
    ('SOE-SCIS2-SEMINAR-ROOM-5-2', 'SOE/SCIS2 Seminar Room 5-2', 'School of Economics/School of Computing & Information Systems 2', 5, 20, 'Seminar Room'),
    ('SOE-SCIS2-SEMINAR-ROOM-B1-1', 'SOE/SCIS2 Seminar Room B1-1', 'School of Economics/School of Computing & Information Systems 2', -1, 20, 'Seminar Room'),
    ('SOE-SCIS2-SEMINAR-ROOM-B1-2', 'SOE/SCIS2 Seminar Room B1-2', 'School of Economics/School of Computing & Information Systems 2', -1, 20, 'Seminar Room'),
    ('SOSS-CIS-CLASSROOM-1-2', 'SOSS/CIS Classroom 1-2', 'School of Social Sciences/College of Integrative Studies', 1, 40, 'Classroom'),
    ('SOSS-CIS-CLASSROOM-3-2', 'SOSS/CIS Classroom 3-2', 'School of Social Sciences/College of Integrative Studies', 3, 40, 'Classroom'),
    ('SOSS-CIS-CLASSROOM-3-4', 'SOSS/CIS Classroom 3-4', 'School of Social Sciences/College of Integrative Studies', 3, 40, 'Classroom'),
    ('SOSS-CIS-CLASSROOM-3-5', 'SOSS/CIS Classroom 3-5', 'School of Social Sciences/College of Integrative Studies', 3, 40, 'Classroom'),
    ('SOSS-CIS-MEETING-POD-B1-1', 'SOSS/CIS Meeting Pod B1-1', 'School of Social Sciences/College of Integrative Studies', -1, 4, 'Meeting Pod'),
    ('SOSS-CIS-MEETING-POD-B1-2', 'SOSS/CIS Meeting Pod B1-2', 'School of Social Sciences/College of Integrative Studies', -1, 4, 'Meeting Pod'),
    ('SOSS-CIS-MEETING-POD-B1-3', 'SOSS/CIS Meeting Pod B1-3', 'School of Social Sciences/College of Integrative Studies', -1, 4, 'Meeting Pod'),
    ('SOSS-CIS-MEETING-POD-B1-4', 'SOSS/CIS Meeting Pod B1-4', 'School of Social Sciences/College of Integrative Studies', -1, 4, 'Meeting Pod'),
    ('SOSS-CIS-MEETING-POD-B1-5', 'SOSS/CIS Meeting Pod B1-5', 'School of Social Sciences/College of Integrative Studies', -1, 4, 'Meeting Pod'),
    ('SOSS-CIS-SEMINAR-ROOM-1-1', 'SOSS/CIS Seminar Room 1-1', 'School of Social Sciences/College of Integrative Studies', 1, 20, 'Seminar Room'),
    ('SOSS-CIS-SEMINAR-ROOM-1-3', 'SOSS/CIS Seminar Room 1-3', 'School of Social Sciences/College of Integrative Studies', 1, 20, 'Seminar Room'),
    ('SOSS-CIS-SEMINAR-ROOM-2-1', 'SOSS/CIS Seminar Room 2-1', 'School of Social Sciences/College of Integrative Studies', 2, 20, 'Seminar Room'),
    ('SOSS-CIS-SEMINAR-ROOM-2-2', 'SOSS/CIS Seminar Room 2-2', 'School of Social Sciences/College of Integrative Studies', 2, 20, 'Seminar Room'),
    ('SOSS-CIS-SEMINAR-ROOM-3-1', 'SOSS/CIS Seminar Room 3-1', 'School of Social Sciences/College of Integrative Studies', 3, 20, 'Seminar Room'),
    ('SOSS-CIS-SEMINAR-ROOM-3-3', 'SOSS/CIS Seminar Room 3-3', 'School of Social Sciences/College of Integrative Studies', 3, 20, 'Seminar Room'),
    ('SOSS-CIS-SEMINAR-ROOM-B1-1', 'SOSS/CIS Seminar Room B1-1', 'School of Social Sciences/College of Integrative Studies', -1, 20, 'Seminar Room'),
    ('YPHSL-CLASSROOM-1-02', 'YPHSL Classroom 1-02', 'Yong Pung How School of Law/Kwa Geok Choo Law Library', 1, 40, 'Classroom'),
    ('YPHSL-CLASSROOM-B1-09', 'YPHSL Classroom B1-09', 'Yong Pung How School of Law/Kwa Geok Choo Law Library', -1, 40, 'Classroom'),
    ('YPHSL-CLASSROOM-B1-13', 'YPHSL Classroom B1-13', 'Yong Pung How School of Law/Kwa Geok Choo Law Library', -1, 40, 'Classroom'),
    ('YPHSL-CLASSROOM-B2-03', 'YPHSL Classroom B2-03', 'Yong Pung How School of Law/Kwa Geok Choo Law Library', -2, 40, 'Classroom'),
    ('YPHSL-GSR-2-07', 'YPHSL GSR 2-07', 'Yong Pung How School of Law/Kwa Geok Choo Law Library', 2, 8, 'Group Study Room'),
    ('YPHSL-GSR-2-12', 'YPHSL GSR 2-12', 'Yong Pung How School of Law/Kwa Geok Choo Law Library', 2, 8, 'Group Study Room'),
    ('YPHSL-GSR-2-13', 'YPHSL GSR 2-13', 'Yong Pung How School of Law/Kwa Geok Choo Law Library', 2, 8, 'Group Study Room'),
    ('YPHSL-GSR-2-14', 'YPHSL GSR 2-14', 'Yong Pung How School of Law/Kwa Geok Choo Law Library', 2, 8, 'Group Study Room'),
    ('YPHSL-GSR-3-03', 'YPHSL GSR 3-03', 'Yong Pung How School of Law/Kwa Geok Choo Law Library', 3, 8, 'Group Study Room'),
    ('YPHSL-GSR-3-04', 'YPHSL GSR 3-04', 'Yong Pung How School of Law/Kwa Geok Choo Law Library', 3, 8, 'Group Study Room'),
    ('YPHSL-GSR-3-05', 'YPHSL GSR 3-05', 'Yong Pung How School of Law/Kwa Geok Choo Law Library', 3, 8, 'Group Study Room'),
    ('YPHSL-GSR-3-06', 'YPHSL GSR 3-06', 'Yong Pung How School of Law/Kwa Geok Choo Law Library', 3, 8, 'Group Study Room'),
    ('YPHSL-GSR-3-07', 'YPHSL GSR 3-07', 'Yong Pung How School of Law/Kwa Geok Choo Law Library', 3, 8, 'Group Study Room'),
    ('YPHSL-GSR-3-08', 'YPHSL GSR 3-08', 'Yong Pung How School of Law/Kwa Geok Choo Law Library', 3, 8, 'Group Study Room'),
    ('YPHSL-GSR-B1-02', 'YPHSL GSR B1-02', 'Yong Pung How School of Law/Kwa Geok Choo Law Library', -1, 8, 'Group Study Room'),
    ('YPHSL-GSR-B1-03', 'YPHSL GSR B1-03', 'Yong Pung How School of Law/Kwa Geok Choo Law Library', -1, 8, 'Group Study Room'),
    ('YPHSL-GSR-B1-04', 'YPHSL GSR B1-04', 'Yong Pung How School of Law/Kwa Geok Choo Law Library', -1, 8, 'Group Study Room'),
    ('YPHSL-GSR-B1-05', 'YPHSL GSR B1-05', 'Yong Pung How School of Law/Kwa Geok Choo Law Library', -1, 8, 'Group Study Room'),
    ('YPHSL-GSR-B1-06', 'YPHSL GSR B1-06', 'Yong Pung How School of Law/Kwa Geok Choo Law Library', -1, 8, 'Group Study Room'),
    ('YPHSL-GSR-B1-07', 'YPHSL GSR B1-07', 'Yong Pung How School of Law/Kwa Geok Choo Law Library', -1, 8, 'Group Study Room'),
    ('YPHSL-GSR-B1-08', 'YPHSL GSR B1-08', 'Yong Pung How School of Law/Kwa Geok Choo Law Library', -1, 8, 'Group Study Room'),
    ('YPHSL-GSR-B1-10', 'YPHSL GSR B1-10', 'Yong Pung How School of Law/Kwa Geok Choo Law Library', -1, 8, 'Group Study Room'),
    ('YPHSL-GSR-B1-11', 'YPHSL GSR B1-11', 'Yong Pung How School of Law/Kwa Geok Choo Law Library', -1, 8, 'Group Study Room'),
    ('YPHSL-GSR-B1-12', 'YPHSL GSR B1-12', 'Yong Pung How School of Law/Kwa Geok Choo Law Library', -1, 8, 'Group Study Room'),
    ('YPHSL-MEETING-POD-B1-01', 'YPHSL Meeting Pod B1-01', 'Yong Pung How School of Law/Kwa Geok Choo Law Library', -1, 4, 'Meeting Pod'),
    ('YPHSL-SEMINAR-ROOM-2-01', 'YPHSL Seminar Room 2-01', 'Yong Pung How School of Law/Kwa Geok Choo Law Library', 2, 20, 'Seminar Room'),
    ('YPHSL-SEMINAR-ROOM-2-02', 'YPHSL Seminar Room 2-02', 'Yong Pung How School of Law/Kwa Geok Choo Law Library', 2, 20, 'Seminar Room'),
    ('YPHSL-SEMINAR-ROOM-2-03', 'YPHSL Seminar Room 2-03', 'Yong Pung How School of Law/Kwa Geok Choo Law Library', 2, 20, 'Seminar Room'),
    ('YPHSL-SEMINAR-ROOM-2-04', 'YPHSL Seminar Room 2-04', 'Yong Pung How School of Law/Kwa Geok Choo Law Library', 2, 20, 'Seminar Room'),
    ('YPHSL-SEMINAR-ROOM-2-05', 'YPHSL Seminar Room 2-05', 'Yong Pung How School of Law/Kwa Geok Choo Law Library', 2, 20, 'Seminar Room'),
    ('YPHSL-SEMINAR-ROOM-2-11', 'YPHSL Seminar Room 2-11', 'Yong Pung How School of Law/Kwa Geok Choo Law Library', 2, 20, 'Seminar Room'),
    ('YPHSL-SEMINAR-ROOM-2-15', 'YPHSL Seminar Room 2-15', 'Yong Pung How School of Law/Kwa Geok Choo Law Library', 2, 20, 'Seminar Room'),
    ('YPHSL-SEMINAR-ROOM-2-16', 'YPHSL Seminar Room 2-16', 'Yong Pung How School of Law/Kwa Geok Choo Law Library', 2, 20, 'Seminar Room'),
    ('YPHSL-SEMINAR-ROOM-3-01', 'YPHSL Seminar Room 3-01', 'Yong Pung How School of Law/Kwa Geok Choo Law Library', 3, 20, 'Seminar Room'),
    ('YPHSL-SEMINAR-ROOM-3-02', 'YPHSL Seminar Room 3-02', 'Yong Pung How School of Law/Kwa Geok Choo Law Library', 3, 20, 'Seminar Room'),
    ('YPHSL-SEMINAR-ROOM-3-09', 'YPHSL Seminar Room 3-09', 'Yong Pung How School of Law/Kwa Geok Choo Law Library', 3, 20, 'Seminar Room'),
    ('YPHSL-SEMINAR-ROOM-3-10', 'YPHSL Seminar Room 3-10', 'Yong Pung How School of Law/Kwa Geok Choo Law Library', 3, 20, 'Seminar Room'),
    ('YPHSL-SEMINAR-ROOM-3-11', 'YPHSL Seminar Room 3-11', 'Yong Pung How School of Law/Kwa Geok Choo Law Library', 3, 20, 'Seminar Room'),
    ('YPHSL-SEMINAR-ROOM-3-12', 'YPHSL Seminar Room 3-12', 'Yong Pung How School of Law/Kwa Geok Choo Law Library', 3, 20, 'Seminar Room'),
    ('YPHSL-SEMINAR-ROOM-B1-01', 'YPHSL Seminar Room B1-01', 'Yong Pung How School of Law/Kwa Geok Choo Law Library', -1, 20, 'Seminar Room'),
    ('YPHSL-SEMINAR-ROOM-B2-01', 'YPHSL Seminar Room B2-01', 'Yong Pung How School of Law/Kwa Geok Choo Law Library', -2, 20, 'Seminar Room')
)
INSERT INTO facilities (facility_code, facility_name, building, floor, capacity, facility_type_id, is_active)
SELECT
  r.facility_code,
  r.facility_name,
  r.building,
  r.floor,
  r.capacity,
  (SELECT ft.facility_type_id FROM facility_type ft WHERE ft.type_name = r.type_name),
  1
FROM rows r;

-- Equipment
INSERT OR IGNORE INTO equipment (name) VALUES
  ('Classroom PC'),
  ('Classroom Prompter'),
  ('Clip-on Mic'),
  ('DVD Player'),
  ('Handheld Mic'),
  ('Hybrid (USB connection)'),
  ('In-room VC System'),
  ('Projector'),
  ('TV Panel'),
  ('USB Connection VC room'),
  ('Video Recording'),
  ('Wireless Projection');

-- Facility ↔ equipment links
WITH links(facility_code, equipment_name) AS (
  VALUES
    ('KGC-4-01-PR', 'TV Panel'),
    ('KGC-4-02-PR', 'TV Panel'),
    ('KGC-4-03-PR', 'TV Panel'),
    ('KGC-4-04-PR', 'TV Panel'),
    ('KGC-4-05-PR', 'TV Panel'),
    ('KGC-4-06-PR', 'TV Panel'),
    ('KGC-4-07-PR', 'TV Panel'),
    ('KGC-4-08-PR', 'TV Panel'),
    ('KGC-4-09-PR', 'TV Panel'),
    ('KGC-4-10-PR', 'TV Panel'),
    ('KGC-4-11-PR', 'TV Panel'),
    ('KGC-4-12-PR', 'TV Panel'),
    ('KGC-4-13-PR', 'TV Panel'),
    ('LKCSB-CLASSROOM-2-1', 'Classroom PC'),
    ('LKCSB-CLASSROOM-2-1', 'Classroom Prompter'),
    ('LKCSB-CLASSROOM-2-1', 'Clip-on Mic'),
    ('LKCSB-CLASSROOM-2-1', 'DVD Player'),
    ('LKCSB-CLASSROOM-2-1', 'Projector'),
    ('LKCSB-CLASSROOM-2-1', 'Wireless Projection'),
    ('LKCSB-CLASSROOM-3-2', 'Classroom PC'),
    ('LKCSB-CLASSROOM-3-2', 'Classroom Prompter'),
    ('LKCSB-CLASSROOM-3-2', 'Clip-on Mic'),
    ('LKCSB-CLASSROOM-3-2', 'DVD Player'),
    ('LKCSB-CLASSROOM-3-2', 'Projector'),
    ('LKCSB-CLASSROOM-3-2', 'Wireless Projection'),
    ('LKCSB-CLASSROOM-3-3', 'Classroom PC'),
    ('LKCSB-CLASSROOM-3-3', 'Classroom Prompter'),
    ('LKCSB-CLASSROOM-3-3', 'Clip-on Mic'),
    ('LKCSB-CLASSROOM-3-3', 'DVD Player'),
    ('LKCSB-CLASSROOM-3-3', 'Projector'),
    ('LKCSB-CLASSROOM-3-3', 'Wireless Projection'),
    ('LKCSB-CLASSROOM-3-4', 'Classroom PC'),
    ('LKCSB-CLASSROOM-3-4', 'Classroom Prompter'),
    ('LKCSB-CLASSROOM-3-4', 'Clip-on Mic'),
    ('LKCSB-CLASSROOM-3-4', 'DVD Player'),
    ('LKCSB-CLASSROOM-3-4', 'Projector'),
    ('LKCSB-CLASSROOM-3-4', 'Wireless Projection'),
    ('LKCSB-CLASSROOM-3-5', 'Classroom PC'),
    ('LKCSB-CLASSROOM-3-5', 'Classroom Prompter'),
    ('LKCSB-CLASSROOM-3-5', 'Clip-on Mic'),
    ('LKCSB-CLASSROOM-3-5', 'DVD Player'),
    ('LKCSB-CLASSROOM-3-5', 'Projector'),
    ('LKCSB-CLASSROOM-3-5', 'Wireless Projection'),
    ('LKCSB-SEMINAR-ROOM-1-1', 'Classroom PC'),
    ('LKCSB-SEMINAR-ROOM-1-1', 'Classroom Prompter'),
    ('LKCSB-SEMINAR-ROOM-1-1', 'Clip-on Mic'),
    ('LKCSB-SEMINAR-ROOM-1-1', 'DVD Player'),
    ('LKCSB-SEMINAR-ROOM-1-1', 'Projector'),
    ('LKCSB-SEMINAR-ROOM-1-1', 'USB Connection VC room'),
    ('LKCSB-SEMINAR-ROOM-1-1', 'Wireless Projection'),
    ('LKCSB-SEMINAR-ROOM-1-2', 'Classroom PC'),
    ('LKCSB-SEMINAR-ROOM-1-2', 'Classroom Prompter'),
    ('LKCSB-SEMINAR-ROOM-1-2', 'Clip-on Mic'),
    ('LKCSB-SEMINAR-ROOM-1-2', 'DVD Player'),
    ('LKCSB-SEMINAR-ROOM-1-2', 'Projector'),
    ('LKCSB-SEMINAR-ROOM-1-2', 'USB Connection VC room'),
    ('LKCSB-SEMINAR-ROOM-1-2', 'Wireless Projection'),
    ('LKCSB-SEMINAR-ROOM-2-1', 'Classroom PC'),
    ('LKCSB-SEMINAR-ROOM-2-1', 'Classroom Prompter'),
    ('LKCSB-SEMINAR-ROOM-2-1', 'Clip-on Mic'),
    ('LKCSB-SEMINAR-ROOM-2-1', 'DVD Player'),
    ('LKCSB-SEMINAR-ROOM-2-1', 'Projector'),
    ('LKCSB-SEMINAR-ROOM-2-1', 'USB Connection VC room'),
    ('LKCSB-SEMINAR-ROOM-2-1', 'Wireless Projection'),
    ('LKCSB-SEMINAR-ROOM-2-2', 'Classroom PC'),
    ('LKCSB-SEMINAR-ROOM-2-2', 'Classroom Prompter'),
    ('LKCSB-SEMINAR-ROOM-2-2', 'Clip-on Mic'),
    ('LKCSB-SEMINAR-ROOM-2-2', 'DVD Player'),
    ('LKCSB-SEMINAR-ROOM-2-2', 'Projector'),
    ('LKCSB-SEMINAR-ROOM-2-2', 'USB Connection VC room'),
    ('LKCSB-SEMINAR-ROOM-2-2', 'Wireless Projection'),
    ('LKCSB-SEMINAR-ROOM-2-3', 'Classroom PC'),
    ('LKCSB-SEMINAR-ROOM-2-3', 'Classroom Prompter'),
    ('LKCSB-SEMINAR-ROOM-2-3', 'Clip-on Mic'),
    ('LKCSB-SEMINAR-ROOM-2-3', 'DVD Player'),
    ('LKCSB-SEMINAR-ROOM-2-3', 'Projector'),
    ('LKCSB-SEMINAR-ROOM-2-3', 'USB Connection VC room'),
    ('LKCSB-SEMINAR-ROOM-2-3', 'Wireless Projection'),
    ('LKCSB-SEMINAR-ROOM-2-4', 'Classroom PC'),
    ('LKCSB-SEMINAR-ROOM-2-4', 'Classroom Prompter'),
    ('LKCSB-SEMINAR-ROOM-2-4', 'Clip-on Mic'),
    ('LKCSB-SEMINAR-ROOM-2-4', 'DVD Player'),
    ('LKCSB-SEMINAR-ROOM-2-4', 'Projector'),
    ('LKCSB-SEMINAR-ROOM-2-4', 'USB Connection VC room'),
    ('LKCSB-SEMINAR-ROOM-2-4', 'Wireless Projection'),
    ('LKCSB-SEMINAR-ROOM-2-5', 'Classroom PC'),
    ('LKCSB-SEMINAR-ROOM-2-5', 'Classroom Prompter'),
    ('LKCSB-SEMINAR-ROOM-2-5', 'Clip-on Mic'),
    ('LKCSB-SEMINAR-ROOM-2-5', 'DVD Player'),
    ('LKCSB-SEMINAR-ROOM-2-5', 'Projector'),
    ('LKCSB-SEMINAR-ROOM-2-5', 'USB Connection VC room'),
    ('LKCSB-SEMINAR-ROOM-2-5', 'Wireless Projection'),
    ('LKCSB-SEMINAR-ROOM-2-6', 'Classroom PC'),
    ('LKCSB-SEMINAR-ROOM-2-6', 'Classroom Prompter'),
    ('LKCSB-SEMINAR-ROOM-2-6', 'Clip-on Mic'),
    ('LKCSB-SEMINAR-ROOM-2-6', 'DVD Player'),
    ('LKCSB-SEMINAR-ROOM-2-6', 'Projector'),
    ('LKCSB-SEMINAR-ROOM-2-6', 'USB Connection VC room'),
    ('LKCSB-SEMINAR-ROOM-2-6', 'Wireless Projection'),
    ('LKCSB-SEMINAR-ROOM-2-7', 'Classroom PC'),
    ('LKCSB-SEMINAR-ROOM-2-7', 'Classroom Prompter'),
    ('LKCSB-SEMINAR-ROOM-2-7', 'Clip-on Mic'),
    ('LKCSB-SEMINAR-ROOM-2-7', 'DVD Player'),
    ('LKCSB-SEMINAR-ROOM-2-7', 'Projector'),
    ('LKCSB-SEMINAR-ROOM-2-7', 'USB Connection VC room'),
    ('LKCSB-SEMINAR-ROOM-2-7', 'Wireless Projection'),
    ('LKCSB-SEMINAR-ROOM-2-8', 'Classroom PC'),
    ('LKCSB-SEMINAR-ROOM-2-8', 'Classroom Prompter'),
    ('LKCSB-SEMINAR-ROOM-2-8', 'Clip-on Mic'),
    ('LKCSB-SEMINAR-ROOM-2-8', 'DVD Player'),
    ('LKCSB-SEMINAR-ROOM-2-8', 'Projector'),
    ('LKCSB-SEMINAR-ROOM-2-8', 'USB Connection VC room'),
    ('LKCSB-SEMINAR-ROOM-2-8', 'Wireless Projection'),
    ('LKCSB-SEMINAR-ROOM-3-1', 'Classroom PC'),
    ('LKCSB-SEMINAR-ROOM-3-1', 'Classroom Prompter'),
    ('LKCSB-SEMINAR-ROOM-3-1', 'Clip-on Mic'),
    ('LKCSB-SEMINAR-ROOM-3-1', 'DVD Player'),
    ('LKCSB-SEMINAR-ROOM-3-1', 'Projector'),
    ('LKCSB-SEMINAR-ROOM-3-1', 'Wireless Projection'),
    ('LKCSB-SEMINAR-ROOM-3-10', 'Classroom PC'),
    ('LKCSB-SEMINAR-ROOM-3-10', 'Classroom Prompter'),
    ('LKCSB-SEMINAR-ROOM-3-10', 'Clip-on Mic'),
    ('LKCSB-SEMINAR-ROOM-3-10', 'DVD Player'),
    ('LKCSB-SEMINAR-ROOM-3-10', 'Projector'),
    ('LKCSB-SEMINAR-ROOM-3-10', 'Wireless Projection'),
    ('LKCSB-SEMINAR-ROOM-3-2', 'Classroom PC'),
    ('LKCSB-SEMINAR-ROOM-3-2', 'Classroom Prompter'),
    ('LKCSB-SEMINAR-ROOM-3-2', 'Clip-on Mic'),
    ('LKCSB-SEMINAR-ROOM-3-2', 'DVD Player'),
    ('LKCSB-SEMINAR-ROOM-3-2', 'Projector'),
    ('LKCSB-SEMINAR-ROOM-3-2', 'Wireless Projection'),
    ('LKCSB-SEMINAR-ROOM-3-3', 'Classroom PC'),
    ('LKCSB-SEMINAR-ROOM-3-3', 'Classroom Prompter'),
    ('LKCSB-SEMINAR-ROOM-3-3', 'Clip-on Mic'),
    ('LKCSB-SEMINAR-ROOM-3-3', 'DVD Player'),
    ('LKCSB-SEMINAR-ROOM-3-3', 'Projector'),
    ('LKCSB-SEMINAR-ROOM-3-3', 'Wireless Projection'),
    ('LKCSB-SEMINAR-ROOM-3-4', 'Classroom PC'),
    ('LKCSB-SEMINAR-ROOM-3-4', 'Classroom Prompter'),
    ('LKCSB-SEMINAR-ROOM-3-4', 'Clip-on Mic'),
    ('LKCSB-SEMINAR-ROOM-3-4', 'DVD Player'),
    ('LKCSB-SEMINAR-ROOM-3-4', 'Projector'),
    ('LKCSB-SEMINAR-ROOM-3-4', 'Wireless Projection'),
    ('LKCSB-SEMINAR-ROOM-3-5', 'Classroom PC'),
    ('LKCSB-SEMINAR-ROOM-3-5', 'Classroom Prompter'),
    ('LKCSB-SEMINAR-ROOM-3-5', 'Clip-on Mic'),
    ('LKCSB-SEMINAR-ROOM-3-5', 'DVD Player'),
    ('LKCSB-SEMINAR-ROOM-3-5', 'Projector'),
    ('LKCSB-SEMINAR-ROOM-3-5', 'Wireless Projection'),
    ('LKCSB-SEMINAR-ROOM-3-6', 'Classroom PC'),
    ('LKCSB-SEMINAR-ROOM-3-6', 'Classroom Prompter'),
    ('LKCSB-SEMINAR-ROOM-3-6', 'Clip-on Mic'),
    ('LKCSB-SEMINAR-ROOM-3-6', 'DVD Player'),
    ('LKCSB-SEMINAR-ROOM-3-6', 'Projector'),
    ('LKCSB-SEMINAR-ROOM-3-6', 'Wireless Projection'),
    ('LKCSB-SEMINAR-ROOM-3-7', 'Classroom PC'),
    ('LKCSB-SEMINAR-ROOM-3-7', 'Classroom Prompter'),
    ('LKCSB-SEMINAR-ROOM-3-7', 'Clip-on Mic'),
    ('LKCSB-SEMINAR-ROOM-3-7', 'DVD Player'),
    ('LKCSB-SEMINAR-ROOM-3-7', 'Projector'),
    ('LKCSB-SEMINAR-ROOM-3-7', 'Wireless Projection'),
    ('LKCSB-SEMINAR-ROOM-3-8', 'Classroom PC'),
    ('LKCSB-SEMINAR-ROOM-3-8', 'Classroom Prompter'),
    ('LKCSB-SEMINAR-ROOM-3-8', 'Clip-on Mic'),
    ('LKCSB-SEMINAR-ROOM-3-8', 'DVD Player'),
    ('LKCSB-SEMINAR-ROOM-3-8', 'Projector'),
    ('LKCSB-SEMINAR-ROOM-3-8', 'Wireless Projection'),
    ('LKCSB-SEMINAR-ROOM-3-9', 'Classroom PC'),
    ('LKCSB-SEMINAR-ROOM-3-9', 'Classroom Prompter'),
    ('LKCSB-SEMINAR-ROOM-3-9', 'Clip-on Mic'),
    ('LKCSB-SEMINAR-ROOM-3-9', 'DVD Player'),
    ('LKCSB-SEMINAR-ROOM-3-9', 'Projector'),
    ('LKCSB-SEMINAR-ROOM-3-9', 'Wireless Projection'),
    ('LKSLIB-PROJECT-ROOM-2-0', 'TV Panel'),
    ('LKSLIB-PROJECT-ROOM-2-1', 'TV Panel'),
    ('LKSLIB-PROJECT-ROOM-2-2', 'TV Panel'),
    ('LKSLIB-PROJECT-ROOM-2-3', 'TV Panel'),
    ('LKSLIB-PROJECT-ROOM-2-4', 'Hybrid (USB connection)'),
    ('LKSLIB-PROJECT-ROOM-2-4', 'In-room VC System'),
    ('LKSLIB-PROJECT-ROOM-2-4', 'TV Panel'),
    ('LKSLIB-PROJECT-ROOM-2-5', 'Hybrid (USB connection)'),
    ('LKSLIB-PROJECT-ROOM-2-5', 'In-room VC System'),
    ('LKSLIB-PROJECT-ROOM-2-5', 'TV Panel'),
    ('LKSLIB-PROJECT-ROOM-3-1', 'TV Panel'),
    ('LKSLIB-PROJECT-ROOM-3-2', 'TV Panel'),
    ('LKSLIB-PROJECT-ROOM-3-3', 'TV Panel'),
    ('LKSLIB-PROJECT-ROOM-3-4', 'TV Panel'),
    ('LKSLIB-PROJECT-ROOM-3-5', 'TV Panel'),
    ('LKSLIB-PROJECT-ROOM-4-1', 'TV Panel'),
    ('LKSLIB-PROJECT-ROOM-4-10', 'TV Panel'),
    ('LKSLIB-PROJECT-ROOM-4-11', 'TV Panel'),
    ('LKSLIB-PROJECT-ROOM-4-12', 'TV Panel'),
    ('LKSLIB-PROJECT-ROOM-4-13', 'TV Panel'),
    ('LKSLIB-PROJECT-ROOM-4-14', 'TV Panel'),
    ('LKSLIB-PROJECT-ROOM-4-15', 'TV Panel'),
    ('LKSLIB-PROJECT-ROOM-4-16', 'TV Panel'),
    ('LKSLIB-PROJECT-ROOM-4-18', 'TV Panel'),
    ('LKSLIB-PROJECT-ROOM-4-4', 'TV Panel'),
    ('LKSLIB-PROJECT-ROOM-4-5', 'TV Panel'),
    ('LKSLIB-PROJECT-ROOM-4-6', 'TV Panel'),
    ('LKSLIB-PROJECT-ROOM-4-7', 'TV Panel'),
    ('LKSLIB-PROJECT-ROOM-4-8', 'TV Panel'),
    ('LKSLIB-PROJECT-ROOM-4-9', 'TV Panel'),
    ('LKSLIB-PROJECT-ROOM-5-1', 'TV Panel'),
    ('LKSLIB-PROJECT-ROOM-5-10', 'TV Panel'),
    ('LKSLIB-PROJECT-ROOM-5-2', 'TV Panel'),
    ('LKSLIB-PROJECT-ROOM-5-3', 'TV Panel'),
    ('LKSLIB-PROJECT-ROOM-5-4', 'TV Panel'),
    ('LKSLIB-PROJECT-ROOM-5-5', 'TV Panel'),
    ('LKSLIB-PROJECT-ROOM-5-6', 'TV Panel'),
    ('LKSLIB-PROJECT-ROOM-5-7', 'TV Panel'),
    ('LKSLIB-PROJECT-ROOM-5-8', 'Hybrid (USB connection)'),
    ('LKSLIB-PROJECT-ROOM-5-8', 'TV Panel'),
    ('LKSLIB-PROJECT-ROOM-5-9', 'Hybrid (USB connection)'),
    ('LKSLIB-PROJECT-ROOM-5-9', 'TV Panel'),
    ('LKSLIB-STUDY-BOOTH-2-1', 'TV Panel'),
    ('LKSLIB-STUDY-BOOTH-2-3', 'TV Panel'),
    ('LKSLIB-STUDY-BOOTH-2-5', 'TV Panel'),
    ('LKSLIB-STUDY-BOOTH-3-1', 'TV Panel'),
    ('LKSLIB-STUDY-BOOTH-4-1', 'TV Panel'),
    ('LKSLIB-STUDY-BOOTH-4-2', 'TV Panel'),
    ('LKSLIB-STUDY-BOOTH-4-3', 'TV Panel'),
    ('SCIS1-CLASSROOM-3-1', 'Classroom PC'),
    ('SCIS1-CLASSROOM-3-1', 'Classroom Prompter'),
    ('SCIS1-CLASSROOM-3-1', 'Clip-on Mic'),
    ('SCIS1-CLASSROOM-3-1', 'DVD Player'),
    ('SCIS1-CLASSROOM-3-1', 'Hybrid (USB connection)'),
    ('SCIS1-CLASSROOM-3-1', 'Projector'),
    ('SCIS1-CLASSROOM-3-1', 'USB Connection VC room'),
    ('SCIS1-CLASSROOM-3-1', 'Wireless Projection'),
    ('SCIS1-CLASSROOM-3-2', 'Classroom PC'),
    ('SCIS1-CLASSROOM-3-2', 'Classroom Prompter'),
    ('SCIS1-CLASSROOM-3-2', 'Clip-on Mic'),
    ('SCIS1-CLASSROOM-3-2', 'DVD Player'),
    ('SCIS1-CLASSROOM-3-2', 'Hybrid (USB connection)'),
    ('SCIS1-CLASSROOM-3-2', 'Projector'),
    ('SCIS1-CLASSROOM-3-2', 'USB Connection VC room'),
    ('SCIS1-CLASSROOM-3-2', 'Wireless Projection'),
    ('SCIS1-CLASSROOM-B1-1', 'Classroom PC'),
    ('SCIS1-CLASSROOM-B1-1', 'Classroom Prompter'),
    ('SCIS1-CLASSROOM-B1-1', 'Clip-on Mic'),
    ('SCIS1-CLASSROOM-B1-1', 'DVD Player'),
    ('SCIS1-CLASSROOM-B1-1', 'Projector'),
    ('SCIS1-CLASSROOM-B1-1', 'Video Recording'),
    ('SCIS1-CLASSROOM-B1-1', 'Wireless Projection'),
    ('SCIS1-SEMINAR-ROOM-2-1', 'Classroom PC'),
    ('SCIS1-SEMINAR-ROOM-2-1', 'Classroom Prompter'),
    ('SCIS1-SEMINAR-ROOM-2-1', 'Clip-on Mic'),
    ('SCIS1-SEMINAR-ROOM-2-1', 'DVD Player'),
    ('SCIS1-SEMINAR-ROOM-2-1', 'In-room VC System'),
    ('SCIS1-SEMINAR-ROOM-2-1', 'Projector'),
    ('SCIS1-SEMINAR-ROOM-2-1', 'Video Recording'),
    ('SCIS1-SEMINAR-ROOM-2-1', 'Wireless Projection'),
    ('SCIS1-SEMINAR-ROOM-2-2', 'Classroom PC'),
    ('SCIS1-SEMINAR-ROOM-2-2', 'Classroom Prompter'),
    ('SCIS1-SEMINAR-ROOM-2-2', 'Clip-on Mic'),
    ('SCIS1-SEMINAR-ROOM-2-2', 'DVD Player'),
    ('SCIS1-SEMINAR-ROOM-2-2', 'Projector'),
    ('SCIS1-SEMINAR-ROOM-2-2', 'Wireless Projection'),
    ('SCIS1-SEMINAR-ROOM-2-3', 'Classroom PC'),
    ('SCIS1-SEMINAR-ROOM-2-3', 'Classroom Prompter'),
    ('SCIS1-SEMINAR-ROOM-2-3', 'Clip-on Mic'),
    ('SCIS1-SEMINAR-ROOM-2-3', 'DVD Player'),
    ('SCIS1-SEMINAR-ROOM-2-3', 'Projector'),
    ('SCIS1-SEMINAR-ROOM-2-3', 'Wireless Projection'),
    ('SCIS1-SEMINAR-ROOM-2-4', 'Classroom PC'),
    ('SCIS1-SEMINAR-ROOM-2-4', 'Classroom Prompter'),
    ('SCIS1-SEMINAR-ROOM-2-4', 'Clip-on Mic'),
    ('SCIS1-SEMINAR-ROOM-2-4', 'DVD Player'),
    ('SCIS1-SEMINAR-ROOM-2-4', 'Projector'),
    ('SCIS1-SEMINAR-ROOM-2-4', 'USB Connection VC room'),
    ('SCIS1-SEMINAR-ROOM-2-4', 'Wireless Projection'),
    ('SCIS1-SEMINAR-ROOM-3-1', 'Classroom PC'),
    ('SCIS1-SEMINAR-ROOM-3-1', 'Classroom Prompter'),
    ('SCIS1-SEMINAR-ROOM-3-1', 'Clip-on Mic'),
    ('SCIS1-SEMINAR-ROOM-3-1', 'DVD Player'),
    ('SCIS1-SEMINAR-ROOM-3-1', 'Projector'),
    ('SCIS1-SEMINAR-ROOM-3-1', 'USB Connection VC room'),
    ('SCIS1-SEMINAR-ROOM-3-1', 'Wireless Projection'),
    ('SCIS1-SEMINAR-ROOM-3-2', 'Classroom PC'),
    ('SCIS1-SEMINAR-ROOM-3-2', 'Classroom Prompter'),
    ('SCIS1-SEMINAR-ROOM-3-2', 'Clip-on Mic'),
    ('SCIS1-SEMINAR-ROOM-3-2', 'DVD Player'),
    ('SCIS1-SEMINAR-ROOM-3-2', 'Projector'),
    ('SCIS1-SEMINAR-ROOM-3-2', 'Wireless Projection'),
    ('SCIS1-SEMINAR-ROOM-3-3', 'Classroom PC'),
    ('SCIS1-SEMINAR-ROOM-3-3', 'Classroom Prompter'),
    ('SCIS1-SEMINAR-ROOM-3-3', 'Clip-on Mic'),
    ('SCIS1-SEMINAR-ROOM-3-3', 'DVD Player'),
    ('SCIS1-SEMINAR-ROOM-3-3', 'Projector'),
    ('SCIS1-SEMINAR-ROOM-3-3', 'Wireless Projection'),
    ('SCIS1-SEMINAR-ROOM-3-4', 'Classroom PC'),
    ('SCIS1-SEMINAR-ROOM-3-4', 'Classroom Prompter'),
    ('SCIS1-SEMINAR-ROOM-3-4', 'Clip-on Mic'),
    ('SCIS1-SEMINAR-ROOM-3-4', 'DVD Player'),
    ('SCIS1-SEMINAR-ROOM-3-4', 'Projector'),
    ('SCIS1-SEMINAR-ROOM-3-4', 'Wireless Projection'),
    ('SCIS1-SEMINAR-ROOM-B1-1', 'Classroom PC'),
    ('SCIS1-SEMINAR-ROOM-B1-1', 'Classroom Prompter'),
    ('SCIS1-SEMINAR-ROOM-B1-1', 'Clip-on Mic'),
    ('SCIS1-SEMINAR-ROOM-B1-1', 'DVD Player'),
    ('SCIS1-SEMINAR-ROOM-B1-1', 'In-room VC System'),
    ('SCIS1-SEMINAR-ROOM-B1-1', 'Projector'),
    ('SCIS1-SEMINAR-ROOM-B1-1', 'Video Recording'),
    ('SCIS1-SEMINAR-ROOM-B1-1', 'Wireless Projection'),
    ('SMUC-ACTIVE-LEARNING-CLASSROOM-3-1', 'Classroom PC'),
    ('SMUC-ACTIVE-LEARNING-CLASSROOM-3-1', 'Classroom Prompter'),
    ('SMUC-ACTIVE-LEARNING-CLASSROOM-3-1', 'Clip-on Mic'),
    ('SMUC-ACTIVE-LEARNING-CLASSROOM-3-1', 'DVD Player'),
    ('SMUC-ACTIVE-LEARNING-CLASSROOM-3-1', 'In-room VC System'),
    ('SMUC-ACTIVE-LEARNING-CLASSROOM-3-1', 'Projector'),
    ('SMUC-ACTIVE-LEARNING-CLASSROOM-3-1', 'USB Connection VC room'),
    ('SMUC-ACTIVE-LEARNING-CLASSROOM-3-1', 'Video Recording'),
    ('SMUC-ACTIVE-LEARNING-CLASSROOM-3-1', 'Wireless Projection'),
    ('SMUC-ACTIVE-LEARNING-CLASSROOM-3-2', 'Classroom PC'),
    ('SMUC-ACTIVE-LEARNING-CLASSROOM-3-2', 'Classroom Prompter'),
    ('SMUC-ACTIVE-LEARNING-CLASSROOM-3-2', 'Clip-on Mic'),
    ('SMUC-ACTIVE-LEARNING-CLASSROOM-3-2', 'DVD Player'),
    ('SMUC-ACTIVE-LEARNING-CLASSROOM-3-2', 'Projector'),
    ('SMUC-ACTIVE-LEARNING-CLASSROOM-3-2', 'USB Connection VC room'),
    ('SMUC-ACTIVE-LEARNING-CLASSROOM-3-2', 'Video Recording'),
    ('SMUC-ACTIVE-LEARNING-CLASSROOM-3-2', 'Wireless Projection'),
    ('SMUC-ACTIVE-LEARNING-CLASSROOM-3-3', 'Classroom PC'),
    ('SMUC-ACTIVE-LEARNING-CLASSROOM-3-3', 'Classroom Prompter'),
    ('SMUC-ACTIVE-LEARNING-CLASSROOM-3-3', 'Clip-on Mic'),
    ('SMUC-ACTIVE-LEARNING-CLASSROOM-3-3', 'DVD Player'),
    ('SMUC-ACTIVE-LEARNING-CLASSROOM-3-3', 'Projector'),
    ('SMUC-ACTIVE-LEARNING-CLASSROOM-3-3', 'USB Connection VC room'),
    ('SMUC-ACTIVE-LEARNING-CLASSROOM-3-3', 'Wireless Projection'),
    ('SMUC-ACTIVE-LEARNING-CLASSROOM-4-1', 'Classroom PC'),
    ('SMUC-ACTIVE-LEARNING-CLASSROOM-4-1', 'Classroom Prompter'),
    ('SMUC-ACTIVE-LEARNING-CLASSROOM-4-1', 'Clip-on Mic'),
    ('SMUC-ACTIVE-LEARNING-CLASSROOM-4-1', 'DVD Player'),
    ('SMUC-ACTIVE-LEARNING-CLASSROOM-4-1', 'Projector'),
    ('SMUC-ACTIVE-LEARNING-CLASSROOM-4-1', 'USB Connection VC room'),
    ('SMUC-ACTIVE-LEARNING-CLASSROOM-4-1', 'Wireless Projection'),
    ('SMUC-ACTIVE-LEARNING-CLASSROOM-4-2', 'Classroom PC'),
    ('SMUC-ACTIVE-LEARNING-CLASSROOM-4-2', 'Classroom Prompter'),
    ('SMUC-ACTIVE-LEARNING-CLASSROOM-4-2', 'Clip-on Mic'),
    ('SMUC-ACTIVE-LEARNING-CLASSROOM-4-2', 'DVD Player'),
    ('SMUC-ACTIVE-LEARNING-CLASSROOM-4-2', 'Projector'),
    ('SMUC-ACTIVE-LEARNING-CLASSROOM-4-2', 'USB Connection VC room'),
    ('SMUC-ACTIVE-LEARNING-CLASSROOM-4-2', 'Wireless Projection'),
    ('SMUC-MEETING-LOUNGE-4-1', 'Handheld Mic'),
    ('SMUC-MEETING-POD-4-1', 'Hybrid (USB connection)'),
    ('SMUC-MEETING-POD-4-1', 'TV Panel'),
    ('SMUC-MEETING-POD-4-2', 'Hybrid (USB connection)'),
    ('SMUC-MEETING-POD-4-2', 'TV Panel'),
    ('SMUC-MEETING-POD-4-3', 'Hybrid (USB connection)'),
    ('SMUC-MEETING-POD-4-3', 'TV Panel'),
    ('SMUC-MEETING-POD-4-4', 'Hybrid (USB connection)'),
    ('SMUC-MEETING-POD-4-4', 'TV Panel'),
    ('SMUC-MEETING-POD-4-5', 'Hybrid (USB connection)'),
    ('SMUC-MEETING-POD-4-5', 'TV Panel'),
    ('SMUC-MEETING-POD-4-6', 'Hybrid (USB connection)'),
    ('SMUC-MEETING-POD-4-6', 'TV Panel'),
    ('SMUC-MEETING-POD-4-7', 'Hybrid (USB connection)'),
    ('SMUC-MEETING-POD-4-7', 'TV Panel'),
    ('SOA-CLASSROOM-2-1', 'Classroom PC'),
    ('SOA-CLASSROOM-2-1', 'Classroom Prompter'),
    ('SOA-CLASSROOM-2-1', 'Clip-on Mic'),
    ('SOA-CLASSROOM-2-1', 'DVD Player'),
    ('SOA-CLASSROOM-2-1', 'Projector'),
    ('SOA-CLASSROOM-2-1', 'Wireless Projection'),
    ('SOA-SEMINAR-ROOM-1-1', 'Classroom PC'),
    ('SOA-SEMINAR-ROOM-1-1', 'Classroom Prompter'),
    ('SOA-SEMINAR-ROOM-1-1', 'Clip-on Mic'),
    ('SOA-SEMINAR-ROOM-1-1', 'DVD Player'),
    ('SOA-SEMINAR-ROOM-1-1', 'Projector'),
    ('SOA-SEMINAR-ROOM-1-1', 'USB Connection VC room'),
    ('SOA-SEMINAR-ROOM-1-1', 'Wireless Projection'),
    ('SOA-SEMINAR-ROOM-1-2', 'Classroom PC'),
    ('SOA-SEMINAR-ROOM-1-2', 'Classroom Prompter'),
    ('SOA-SEMINAR-ROOM-1-2', 'Clip-on Mic'),
    ('SOA-SEMINAR-ROOM-1-2', 'DVD Player'),
    ('SOA-SEMINAR-ROOM-1-2', 'Projector'),
    ('SOA-SEMINAR-ROOM-1-2', 'Wireless Projection'),
    ('SOA-SEMINAR-ROOM-1-3', 'Classroom PC'),
    ('SOA-SEMINAR-ROOM-1-3', 'Classroom Prompter'),
    ('SOA-SEMINAR-ROOM-1-3', 'Clip-on Mic'),
    ('SOA-SEMINAR-ROOM-1-3', 'DVD Player'),
    ('SOA-SEMINAR-ROOM-1-3', 'Projector'),
    ('SOA-SEMINAR-ROOM-1-3', 'Wireless Projection'),
    ('SOA-SEMINAR-ROOM-2-1', 'Classroom PC'),
    ('SOA-SEMINAR-ROOM-2-1', 'Classroom Prompter'),
    ('SOA-SEMINAR-ROOM-2-1', 'Clip-on Mic'),
    ('SOA-SEMINAR-ROOM-2-1', 'DVD Player'),
    ('SOA-SEMINAR-ROOM-2-1', 'Projector'),
    ('SOA-SEMINAR-ROOM-2-1', 'Wireless Projection'),
    ('SOA-SEMINAR-ROOM-2-2', 'Classroom PC'),
    ('SOA-SEMINAR-ROOM-2-2', 'Classroom Prompter'),
    ('SOA-SEMINAR-ROOM-2-2', 'Clip-on Mic'),
    ('SOA-SEMINAR-ROOM-2-2', 'DVD Player'),
    ('SOA-SEMINAR-ROOM-2-2', 'Projector'),
    ('SOA-SEMINAR-ROOM-2-2', 'USB Connection VC room'),
    ('SOA-SEMINAR-ROOM-2-2', 'Wireless Projection'),
    ('SOA-SEMINAR-ROOM-2-3', 'Classroom PC'),
    ('SOA-SEMINAR-ROOM-2-3', 'Classroom Prompter'),
    ('SOA-SEMINAR-ROOM-2-3', 'Clip-on Mic'),
    ('SOA-SEMINAR-ROOM-2-3', 'DVD Player'),
    ('SOA-SEMINAR-ROOM-2-3', 'Projector'),
    ('SOA-SEMINAR-ROOM-2-3', 'Wireless Projection'),
    ('SOA-SEMINAR-ROOM-2-4', 'Classroom PC'),
    ('SOA-SEMINAR-ROOM-2-4', 'Classroom Prompter'),
    ('SOA-SEMINAR-ROOM-2-4', 'Clip-on Mic'),
    ('SOA-SEMINAR-ROOM-2-4', 'DVD Player'),
    ('SOA-SEMINAR-ROOM-2-4', 'In-room VC System'),
    ('SOA-SEMINAR-ROOM-2-4', 'Projector'),
    ('SOA-SEMINAR-ROOM-2-4', 'Video Recording'),
    ('SOA-SEMINAR-ROOM-2-4', 'Wireless Projection'),
    ('SOA-SEMINAR-ROOM-2-5', 'Classroom PC'),
    ('SOA-SEMINAR-ROOM-2-5', 'Classroom Prompter'),
    ('SOA-SEMINAR-ROOM-2-5', 'Clip-on Mic'),
    ('SOA-SEMINAR-ROOM-2-5', 'DVD Player'),
    ('SOA-SEMINAR-ROOM-2-5', 'Projector'),
    ('SOA-SEMINAR-ROOM-2-5', 'Wireless Projection'),
    ('SOA-SEMINAR-ROOM-3-1', 'Classroom PC'),
    ('SOA-SEMINAR-ROOM-3-1', 'Classroom Prompter'),
    ('SOA-SEMINAR-ROOM-3-1', 'Clip-on Mic'),
    ('SOA-SEMINAR-ROOM-3-1', 'DVD Player'),
    ('SOA-SEMINAR-ROOM-3-1', 'Projector'),
    ('SOA-SEMINAR-ROOM-3-1', 'Wireless Projection'),
    ('SOA-SEMINAR-ROOM-3-2', 'Classroom PC'),
    ('SOA-SEMINAR-ROOM-3-2', 'Classroom Prompter'),
    ('SOA-SEMINAR-ROOM-3-2', 'Clip-on Mic'),
    ('SOA-SEMINAR-ROOM-3-2', 'DVD Player'),
    ('SOA-SEMINAR-ROOM-3-2', 'Projector'),
    ('SOA-SEMINAR-ROOM-3-2', 'Wireless Projection'),
    ('SOA-SEMINAR-ROOM-3-3', 'Classroom PC'),
    ('SOA-SEMINAR-ROOM-3-3', 'Classroom Prompter'),
    ('SOA-SEMINAR-ROOM-3-3', 'Clip-on Mic'),
    ('SOA-SEMINAR-ROOM-3-3', 'DVD Player'),
    ('SOA-SEMINAR-ROOM-3-3', 'Projector'),
    ('SOA-SEMINAR-ROOM-3-3', 'Wireless Projection'),
    ('SOA-SEMINAR-ROOM-3-4', 'Classroom PC'),
    ('SOA-SEMINAR-ROOM-3-4', 'Classroom Prompter'),
    ('SOA-SEMINAR-ROOM-3-4', 'Clip-on Mic'),
    ('SOA-SEMINAR-ROOM-3-4', 'DVD Player'),
    ('SOA-SEMINAR-ROOM-3-4', 'Projector'),
    ('SOA-SEMINAR-ROOM-3-4', 'Wireless Projection'),
    ('SOA-SEMINAR-ROOM-3-5', 'Classroom PC'),
    ('SOA-SEMINAR-ROOM-3-5', 'Classroom Prompter'),
    ('SOA-SEMINAR-ROOM-3-5', 'Clip-on Mic'),
    ('SOA-SEMINAR-ROOM-3-5', 'DVD Player'),
    ('SOA-SEMINAR-ROOM-3-5', 'Projector'),
    ('SOA-SEMINAR-ROOM-3-5', 'Wireless Projection'),
    ('SOE-SCIS2-CLASSROOM-2-1', 'Classroom PC'),
    ('SOE-SCIS2-CLASSROOM-2-1', 'Classroom Prompter'),
    ('SOE-SCIS2-CLASSROOM-2-1', 'Clip-on Mic'),
    ('SOE-SCIS2-CLASSROOM-2-1', 'DVD Player'),
    ('SOE-SCIS2-CLASSROOM-2-1', 'Projector'),
    ('SOE-SCIS2-CLASSROOM-2-1', 'Wireless Projection'),
    ('SOE-SCIS2-CLASSROOM-2-2', 'Classroom PC'),
    ('SOE-SCIS2-CLASSROOM-2-2', 'Classroom Prompter'),
    ('SOE-SCIS2-CLASSROOM-2-2', 'Clip-on Mic'),
    ('SOE-SCIS2-CLASSROOM-2-2', 'DVD Player'),
    ('SOE-SCIS2-CLASSROOM-2-2', 'Projector'),
    ('SOE-SCIS2-CLASSROOM-2-2', 'Wireless Projection'),
    ('SOE-SCIS2-CLASSROOM-3-1', 'Classroom PC'),
    ('SOE-SCIS2-CLASSROOM-3-1', 'Classroom Prompter'),
    ('SOE-SCIS2-CLASSROOM-3-1', 'Clip-on Mic'),
    ('SOE-SCIS2-CLASSROOM-3-1', 'DVD Player'),
    ('SOE-SCIS2-CLASSROOM-3-1', 'Hybrid (USB connection)'),
    ('SOE-SCIS2-CLASSROOM-3-1', 'Projector'),
    ('SOE-SCIS2-CLASSROOM-3-1', 'TV Panel'),
    ('SOE-SCIS2-CLASSROOM-3-1', 'USB Connection VC room'),
    ('SOE-SCIS2-CLASSROOM-3-1', 'Wireless Projection'),
    ('SOE-SCIS2-CLASSROOM-3-2', 'Classroom PC'),
    ('SOE-SCIS2-CLASSROOM-3-2', 'Classroom Prompter'),
    ('SOE-SCIS2-CLASSROOM-3-2', 'Clip-on Mic'),
    ('SOE-SCIS2-CLASSROOM-3-2', 'DVD Player'),
    ('SOE-SCIS2-CLASSROOM-3-2', 'Hybrid (USB connection)'),
    ('SOE-SCIS2-CLASSROOM-3-2', 'Projector'),
    ('SOE-SCIS2-CLASSROOM-3-2', 'TV Panel'),
    ('SOE-SCIS2-CLASSROOM-3-2', 'USB Connection VC room'),
    ('SOE-SCIS2-CLASSROOM-3-2', 'Wireless Projection'),
    ('SOE-SCIS2-CLASSROOM-3-3', 'Classroom PC'),
    ('SOE-SCIS2-CLASSROOM-3-3', 'Classroom Prompter'),
    ('SOE-SCIS2-CLASSROOM-3-3', 'Clip-on Mic'),
    ('SOE-SCIS2-CLASSROOM-3-3', 'DVD Player'),
    ('SOE-SCIS2-CLASSROOM-3-3', 'Projector'),
    ('SOE-SCIS2-CLASSROOM-3-3', 'Wireless Projection'),
    ('SOE-SCIS2-CLASSROOM-4-1', 'Classroom PC'),
    ('SOE-SCIS2-CLASSROOM-4-1', 'Classroom Prompter'),
    ('SOE-SCIS2-CLASSROOM-4-1', 'Clip-on Mic'),
    ('SOE-SCIS2-CLASSROOM-4-1', 'DVD Player'),
    ('SOE-SCIS2-CLASSROOM-4-1', 'Projector'),
    ('SOE-SCIS2-CLASSROOM-4-1', 'Wireless Projection'),
    ('SOE-SCIS2-CLASSROOM-4-3', 'Classroom PC'),
    ('SOE-SCIS2-CLASSROOM-4-3', 'Classroom Prompter'),
    ('SOE-SCIS2-CLASSROOM-4-3', 'Clip-on Mic'),
    ('SOE-SCIS2-CLASSROOM-4-3', 'DVD Player'),
    ('SOE-SCIS2-CLASSROOM-4-3', 'Projector'),
    ('SOE-SCIS2-CLASSROOM-4-3', 'Wireless Projection'),
    ('SOE-SCIS2-SEMINAR-ROOM-2-1', 'Classroom PC'),
    ('SOE-SCIS2-SEMINAR-ROOM-2-1', 'Classroom Prompter'),
    ('SOE-SCIS2-SEMINAR-ROOM-2-1', 'Clip-on Mic'),
    ('SOE-SCIS2-SEMINAR-ROOM-2-1', 'DVD Player'),
    ('SOE-SCIS2-SEMINAR-ROOM-2-1', 'Projector'),
    ('SOE-SCIS2-SEMINAR-ROOM-2-1', 'USB Connection VC room'),
    ('SOE-SCIS2-SEMINAR-ROOM-2-1', 'Wireless Projection'),
    ('SOE-SCIS2-SEMINAR-ROOM-2-10', 'Classroom PC'),
    ('SOE-SCIS2-SEMINAR-ROOM-2-10', 'Classroom Prompter'),
    ('SOE-SCIS2-SEMINAR-ROOM-2-10', 'Clip-on Mic'),
    ('SOE-SCIS2-SEMINAR-ROOM-2-10', 'DVD Player'),
    ('SOE-SCIS2-SEMINAR-ROOM-2-10', 'Projector'),
    ('SOE-SCIS2-SEMINAR-ROOM-2-10', 'Wireless Projection'),
    ('SOE-SCIS2-SEMINAR-ROOM-2-2', 'Classroom PC'),
    ('SOE-SCIS2-SEMINAR-ROOM-2-2', 'Classroom Prompter'),
    ('SOE-SCIS2-SEMINAR-ROOM-2-2', 'Clip-on Mic'),
    ('SOE-SCIS2-SEMINAR-ROOM-2-2', 'DVD Player'),
    ('SOE-SCIS2-SEMINAR-ROOM-2-2', 'Projector'),
    ('SOE-SCIS2-SEMINAR-ROOM-2-2', 'Wireless Projection'),
    ('SOE-SCIS2-SEMINAR-ROOM-2-3', 'Classroom PC'),
    ('SOE-SCIS2-SEMINAR-ROOM-2-3', 'Classroom Prompter'),
    ('SOE-SCIS2-SEMINAR-ROOM-2-3', 'Clip-on Mic'),
    ('SOE-SCIS2-SEMINAR-ROOM-2-3', 'DVD Player'),
    ('SOE-SCIS2-SEMINAR-ROOM-2-3', 'Projector'),
    ('SOE-SCIS2-SEMINAR-ROOM-2-3', 'Wireless Projection'),
    ('SOE-SCIS2-SEMINAR-ROOM-2-4', 'Classroom PC'),
    ('SOE-SCIS2-SEMINAR-ROOM-2-4', 'Classroom Prompter'),
    ('SOE-SCIS2-SEMINAR-ROOM-2-4', 'Clip-on Mic'),
    ('SOE-SCIS2-SEMINAR-ROOM-2-4', 'DVD Player'),
    ('SOE-SCIS2-SEMINAR-ROOM-2-4', 'Projector'),
    ('SOE-SCIS2-SEMINAR-ROOM-2-4', 'Wireless Projection'),
    ('SOE-SCIS2-SEMINAR-ROOM-2-5', 'Classroom PC'),
    ('SOE-SCIS2-SEMINAR-ROOM-2-5', 'Classroom Prompter'),
    ('SOE-SCIS2-SEMINAR-ROOM-2-5', 'Clip-on Mic'),
    ('SOE-SCIS2-SEMINAR-ROOM-2-5', 'DVD Player'),
    ('SOE-SCIS2-SEMINAR-ROOM-2-5', 'Projector'),
    ('SOE-SCIS2-SEMINAR-ROOM-2-5', 'USB Connection VC room'),
    ('SOE-SCIS2-SEMINAR-ROOM-2-5', 'Wireless Projection'),
    ('SOE-SCIS2-SEMINAR-ROOM-2-6', 'Classroom PC'),
    ('SOE-SCIS2-SEMINAR-ROOM-2-6', 'Classroom Prompter'),
    ('SOE-SCIS2-SEMINAR-ROOM-2-6', 'Clip-on Mic'),
    ('SOE-SCIS2-SEMINAR-ROOM-2-6', 'DVD Player'),
    ('SOE-SCIS2-SEMINAR-ROOM-2-6', 'Projector'),
    ('SOE-SCIS2-SEMINAR-ROOM-2-6', 'Wireless Projection'),
    ('SOE-SCIS2-SEMINAR-ROOM-2-7', 'Classroom PC'),
    ('SOE-SCIS2-SEMINAR-ROOM-2-7', 'Classroom Prompter'),
    ('SOE-SCIS2-SEMINAR-ROOM-2-7', 'Clip-on Mic'),
    ('SOE-SCIS2-SEMINAR-ROOM-2-7', 'DVD Player'),
    ('SOE-SCIS2-SEMINAR-ROOM-2-7', 'Projector'),
    ('SOE-SCIS2-SEMINAR-ROOM-2-7', 'Wireless Projection'),
    ('SOE-SCIS2-SEMINAR-ROOM-2-8', 'Classroom PC'),
    ('SOE-SCIS2-SEMINAR-ROOM-2-8', 'Classroom Prompter'),
    ('SOE-SCIS2-SEMINAR-ROOM-2-8', 'Clip-on Mic'),
    ('SOE-SCIS2-SEMINAR-ROOM-2-8', 'DVD Player'),
    ('SOE-SCIS2-SEMINAR-ROOM-2-8', 'Projector'),
    ('SOE-SCIS2-SEMINAR-ROOM-2-8', 'Wireless Projection'),
    ('SOE-SCIS2-SEMINAR-ROOM-2-9', 'Classroom PC'),
    ('SOE-SCIS2-SEMINAR-ROOM-2-9', 'Classroom Prompter'),
    ('SOE-SCIS2-SEMINAR-ROOM-2-9', 'Clip-on Mic'),
    ('SOE-SCIS2-SEMINAR-ROOM-2-9', 'DVD Player'),
    ('SOE-SCIS2-SEMINAR-ROOM-2-9', 'Projector'),
    ('SOE-SCIS2-SEMINAR-ROOM-2-9', 'Wireless Projection'),
    ('SOE-SCIS2-SEMINAR-ROOM-3-1', 'Classroom PC'),
    ('SOE-SCIS2-SEMINAR-ROOM-3-1', 'Classroom Prompter'),
    ('SOE-SCIS2-SEMINAR-ROOM-3-1', 'Clip-on Mic'),
    ('SOE-SCIS2-SEMINAR-ROOM-3-1', 'DVD Player'),
    ('SOE-SCIS2-SEMINAR-ROOM-3-1', 'Projector'),
    ('SOE-SCIS2-SEMINAR-ROOM-3-1', 'Wireless Projection'),
    ('SOE-SCIS2-SEMINAR-ROOM-3-10', 'Classroom PC'),
    ('SOE-SCIS2-SEMINAR-ROOM-3-10', 'Classroom Prompter'),
    ('SOE-SCIS2-SEMINAR-ROOM-3-10', 'Clip-on Mic'),
    ('SOE-SCIS2-SEMINAR-ROOM-3-10', 'DVD Player'),
    ('SOE-SCIS2-SEMINAR-ROOM-3-10', 'Projector'),
    ('SOE-SCIS2-SEMINAR-ROOM-3-10', 'Wireless Projection'),
    ('SOE-SCIS2-SEMINAR-ROOM-3-2', 'Classroom PC'),
    ('SOE-SCIS2-SEMINAR-ROOM-3-2', 'Classroom Prompter'),
    ('SOE-SCIS2-SEMINAR-ROOM-3-2', 'Clip-on Mic'),
    ('SOE-SCIS2-SEMINAR-ROOM-3-2', 'DVD Player'),
    ('SOE-SCIS2-SEMINAR-ROOM-3-2', 'Projector'),
    ('SOE-SCIS2-SEMINAR-ROOM-3-2', 'USB Connection VC room'),
    ('SOE-SCIS2-SEMINAR-ROOM-3-2', 'Wireless Projection'),
    ('SOE-SCIS2-SEMINAR-ROOM-3-3', 'Classroom PC'),
    ('SOE-SCIS2-SEMINAR-ROOM-3-3', 'Classroom Prompter'),
    ('SOE-SCIS2-SEMINAR-ROOM-3-3', 'Clip-on Mic'),
    ('SOE-SCIS2-SEMINAR-ROOM-3-3', 'DVD Player'),
    ('SOE-SCIS2-SEMINAR-ROOM-3-3', 'Projector'),
    ('SOE-SCIS2-SEMINAR-ROOM-3-3', 'Wireless Projection'),
    ('SOE-SCIS2-SEMINAR-ROOM-3-4', 'Classroom PC'),
    ('SOE-SCIS2-SEMINAR-ROOM-3-4', 'Classroom Prompter'),
    ('SOE-SCIS2-SEMINAR-ROOM-3-4', 'Clip-on Mic'),
    ('SOE-SCIS2-SEMINAR-ROOM-3-4', 'DVD Player'),
    ('SOE-SCIS2-SEMINAR-ROOM-3-4', 'Projector'),
    ('SOE-SCIS2-SEMINAR-ROOM-3-4', 'Wireless Projection'),
    ('SOE-SCIS2-SEMINAR-ROOM-3-5', 'Classroom PC'),
    ('SOE-SCIS2-SEMINAR-ROOM-3-5', 'Classroom Prompter'),
    ('SOE-SCIS2-SEMINAR-ROOM-3-5', 'Clip-on Mic'),
    ('SOE-SCIS2-SEMINAR-ROOM-3-5', 'DVD Player'),
    ('SOE-SCIS2-SEMINAR-ROOM-3-5', 'Projector'),
    ('SOE-SCIS2-SEMINAR-ROOM-3-5', 'Wireless Projection'),
    ('SOE-SCIS2-SEMINAR-ROOM-3-6', 'Classroom PC'),
    ('SOE-SCIS2-SEMINAR-ROOM-3-6', 'Classroom Prompter'),
    ('SOE-SCIS2-SEMINAR-ROOM-3-6', 'Clip-on Mic'),
    ('SOE-SCIS2-SEMINAR-ROOM-3-6', 'DVD Player'),
    ('SOE-SCIS2-SEMINAR-ROOM-3-6', 'Projector'),
    ('SOE-SCIS2-SEMINAR-ROOM-3-6', 'Wireless Projection'),
    ('SOE-SCIS2-SEMINAR-ROOM-3-7', 'Classroom PC'),
    ('SOE-SCIS2-SEMINAR-ROOM-3-7', 'Classroom Prompter'),
    ('SOE-SCIS2-SEMINAR-ROOM-3-7', 'Clip-on Mic'),
    ('SOE-SCIS2-SEMINAR-ROOM-3-7', 'DVD Player'),
    ('SOE-SCIS2-SEMINAR-ROOM-3-7', 'Projector'),
    ('SOE-SCIS2-SEMINAR-ROOM-3-7', 'Wireless Projection'),
    ('SOE-SCIS2-SEMINAR-ROOM-3-8', 'Classroom PC'),
    ('SOE-SCIS2-SEMINAR-ROOM-3-8', 'Classroom Prompter'),
    ('SOE-SCIS2-SEMINAR-ROOM-3-8', 'Clip-on Mic'),
    ('SOE-SCIS2-SEMINAR-ROOM-3-8', 'DVD Player'),
    ('SOE-SCIS2-SEMINAR-ROOM-3-8', 'Projector'),
    ('SOE-SCIS2-SEMINAR-ROOM-3-8', 'Wireless Projection'),
    ('SOE-SCIS2-SEMINAR-ROOM-3-9', 'Classroom PC'),
    ('SOE-SCIS2-SEMINAR-ROOM-3-9', 'Classroom Prompter'),
    ('SOE-SCIS2-SEMINAR-ROOM-3-9', 'Clip-on Mic'),
    ('SOE-SCIS2-SEMINAR-ROOM-3-9', 'DVD Player'),
    ('SOE-SCIS2-SEMINAR-ROOM-3-9', 'Projector'),
    ('SOE-SCIS2-SEMINAR-ROOM-3-9', 'Wireless Projection'),
    ('SOE-SCIS2-SEMINAR-ROOM-4-1', 'Classroom PC'),
    ('SOE-SCIS2-SEMINAR-ROOM-4-1', 'Classroom Prompter'),
    ('SOE-SCIS2-SEMINAR-ROOM-4-1', 'Clip-on Mic'),
    ('SOE-SCIS2-SEMINAR-ROOM-4-1', 'DVD Player'),
    ('SOE-SCIS2-SEMINAR-ROOM-4-1', 'Projector'),
    ('SOE-SCIS2-SEMINAR-ROOM-4-1', 'Wireless Projection'),
    ('SOE-SCIS2-SEMINAR-ROOM-4-2', 'Classroom PC'),
    ('SOE-SCIS2-SEMINAR-ROOM-4-2', 'Classroom Prompter'),
    ('SOE-SCIS2-SEMINAR-ROOM-4-2', 'Clip-on Mic'),
    ('SOE-SCIS2-SEMINAR-ROOM-4-2', 'DVD Player'),
    ('SOE-SCIS2-SEMINAR-ROOM-4-2', 'Projector'),
    ('SOE-SCIS2-SEMINAR-ROOM-4-2', 'Wireless Projection'),
    ('SOE-SCIS2-SEMINAR-ROOM-4-3', 'Classroom PC'),
    ('SOE-SCIS2-SEMINAR-ROOM-4-3', 'Classroom Prompter'),
    ('SOE-SCIS2-SEMINAR-ROOM-4-3', 'Clip-on Mic'),
    ('SOE-SCIS2-SEMINAR-ROOM-4-3', 'DVD Player'),
    ('SOE-SCIS2-SEMINAR-ROOM-4-3', 'Projector'),
    ('SOE-SCIS2-SEMINAR-ROOM-4-3', 'Wireless Projection'),
    ('SOE-SCIS2-SEMINAR-ROOM-4-4', 'Classroom PC'),
    ('SOE-SCIS2-SEMINAR-ROOM-4-4', 'Classroom Prompter'),
    ('SOE-SCIS2-SEMINAR-ROOM-4-4', 'Clip-on Mic'),
    ('SOE-SCIS2-SEMINAR-ROOM-4-4', 'DVD Player'),
    ('SOE-SCIS2-SEMINAR-ROOM-4-4', 'Projector'),
    ('SOE-SCIS2-SEMINAR-ROOM-4-4', 'Wireless Projection'),
    ('SOE-SCIS2-SEMINAR-ROOM-5-1', 'Classroom PC'),
    ('SOE-SCIS2-SEMINAR-ROOM-5-1', 'Classroom Prompter'),
    ('SOE-SCIS2-SEMINAR-ROOM-5-1', 'Clip-on Mic'),
    ('SOE-SCIS2-SEMINAR-ROOM-5-1', 'DVD Player'),
    ('SOE-SCIS2-SEMINAR-ROOM-5-1', 'Projector'),
    ('SOE-SCIS2-SEMINAR-ROOM-5-1', 'Wireless Projection'),
    ('SOE-SCIS2-SEMINAR-ROOM-5-2', 'Classroom PC'),
    ('SOE-SCIS2-SEMINAR-ROOM-5-2', 'Classroom Prompter'),
    ('SOE-SCIS2-SEMINAR-ROOM-5-2', 'Clip-on Mic'),
    ('SOE-SCIS2-SEMINAR-ROOM-5-2', 'DVD Player'),
    ('SOE-SCIS2-SEMINAR-ROOM-5-2', 'In-room VC System'),
    ('SOE-SCIS2-SEMINAR-ROOM-5-2', 'Projector'),
    ('SOE-SCIS2-SEMINAR-ROOM-5-2', 'Video Recording'),
    ('SOE-SCIS2-SEMINAR-ROOM-5-2', 'Wireless Projection'),
    ('SOE-SCIS2-SEMINAR-ROOM-B1-1', 'Classroom PC'),
    ('SOE-SCIS2-SEMINAR-ROOM-B1-1', 'Classroom Prompter'),
    ('SOE-SCIS2-SEMINAR-ROOM-B1-1', 'Clip-on Mic'),
    ('SOE-SCIS2-SEMINAR-ROOM-B1-1', 'DVD Player'),
    ('SOE-SCIS2-SEMINAR-ROOM-B1-1', 'Projector'),
    ('SOE-SCIS2-SEMINAR-ROOM-B1-1', 'USB Connection VC room'),
    ('SOE-SCIS2-SEMINAR-ROOM-B1-1', 'Video Recording'),
    ('SOE-SCIS2-SEMINAR-ROOM-B1-1', 'Wireless Projection'),
    ('SOE-SCIS2-SEMINAR-ROOM-B1-2', 'Classroom PC'),
    ('SOE-SCIS2-SEMINAR-ROOM-B1-2', 'Classroom Prompter'),
    ('SOE-SCIS2-SEMINAR-ROOM-B1-2', 'Clip-on Mic'),
    ('SOE-SCIS2-SEMINAR-ROOM-B1-2', 'DVD Player'),
    ('SOE-SCIS2-SEMINAR-ROOM-B1-2', 'Projector'),
    ('SOE-SCIS2-SEMINAR-ROOM-B1-2', 'Video Recording'),
    ('SOE-SCIS2-SEMINAR-ROOM-B1-2', 'Wireless Projection'),
    ('SOSS-CIS-CLASSROOM-1-2', 'Classroom PC'),
    ('SOSS-CIS-CLASSROOM-1-2', 'Classroom Prompter'),
    ('SOSS-CIS-CLASSROOM-1-2', 'Clip-on Mic'),
    ('SOSS-CIS-CLASSROOM-1-2', 'DVD Player'),
    ('SOSS-CIS-CLASSROOM-1-2', 'Handheld Mic'),
    ('SOSS-CIS-CLASSROOM-1-2', 'In-room VC System'),
    ('SOSS-CIS-CLASSROOM-1-2', 'Projector'),
    ('SOSS-CIS-CLASSROOM-1-2', 'USB Connection VC room'),
    ('SOSS-CIS-CLASSROOM-1-2', 'Video Recording'),
    ('SOSS-CIS-CLASSROOM-1-2', 'Wireless Projection'),
    ('SOSS-CIS-CLASSROOM-3-2', 'Classroom PC'),
    ('SOSS-CIS-CLASSROOM-3-2', 'Classroom Prompter'),
    ('SOSS-CIS-CLASSROOM-3-2', 'Clip-on Mic'),
    ('SOSS-CIS-CLASSROOM-3-2', 'DVD Player'),
    ('SOSS-CIS-CLASSROOM-3-2', 'Handheld Mic'),
    ('SOSS-CIS-CLASSROOM-3-2', 'In-room VC System'),
    ('SOSS-CIS-CLASSROOM-3-2', 'Projector'),
    ('SOSS-CIS-CLASSROOM-3-2', 'USB Connection VC room'),
    ('SOSS-CIS-CLASSROOM-3-2', 'Video Recording'),
    ('SOSS-CIS-CLASSROOM-3-2', 'Wireless Projection'),
    ('SOSS-CIS-CLASSROOM-3-4', 'Classroom PC'),
    ('SOSS-CIS-CLASSROOM-3-4', 'Classroom Prompter'),
    ('SOSS-CIS-CLASSROOM-3-4', 'Clip-on Mic'),
    ('SOSS-CIS-CLASSROOM-3-4', 'DVD Player'),
    ('SOSS-CIS-CLASSROOM-3-4', 'Handheld Mic'),
    ('SOSS-CIS-CLASSROOM-3-4', 'In-room VC System'),
    ('SOSS-CIS-CLASSROOM-3-4', 'Projector'),
    ('SOSS-CIS-CLASSROOM-3-4', 'USB Connection VC room'),
    ('SOSS-CIS-CLASSROOM-3-4', 'Video Recording'),
    ('SOSS-CIS-CLASSROOM-3-4', 'Wireless Projection'),
    ('SOSS-CIS-CLASSROOM-3-5', 'Classroom PC'),
    ('SOSS-CIS-CLASSROOM-3-5', 'Classroom Prompter'),
    ('SOSS-CIS-CLASSROOM-3-5', 'Clip-on Mic'),
    ('SOSS-CIS-CLASSROOM-3-5', 'DVD Player'),
    ('SOSS-CIS-CLASSROOM-3-5', 'Handheld Mic'),
    ('SOSS-CIS-CLASSROOM-3-5', 'In-room VC System'),
    ('SOSS-CIS-CLASSROOM-3-5', 'Projector'),
    ('SOSS-CIS-CLASSROOM-3-5', 'USB Connection VC room'),
    ('SOSS-CIS-CLASSROOM-3-5', 'Video Recording'),
    ('SOSS-CIS-CLASSROOM-3-5', 'Wireless Projection'),
    ('SOSS-CIS-SEMINAR-ROOM-1-1', 'Classroom PC'),
    ('SOSS-CIS-SEMINAR-ROOM-1-1', 'Classroom Prompter'),
    ('SOSS-CIS-SEMINAR-ROOM-1-1', 'Clip-on Mic'),
    ('SOSS-CIS-SEMINAR-ROOM-1-1', 'DVD Player'),
    ('SOSS-CIS-SEMINAR-ROOM-1-1', 'Handheld Mic'),
    ('SOSS-CIS-SEMINAR-ROOM-1-1', 'In-room VC System'),
    ('SOSS-CIS-SEMINAR-ROOM-1-1', 'Projector'),
    ('SOSS-CIS-SEMINAR-ROOM-1-1', 'USB Connection VC room'),
    ('SOSS-CIS-SEMINAR-ROOM-1-1', 'Video Recording'),
    ('SOSS-CIS-SEMINAR-ROOM-1-1', 'Wireless Projection'),
    ('SOSS-CIS-SEMINAR-ROOM-1-3', 'Classroom PC'),
    ('SOSS-CIS-SEMINAR-ROOM-1-3', 'Classroom Prompter'),
    ('SOSS-CIS-SEMINAR-ROOM-1-3', 'Clip-on Mic'),
    ('SOSS-CIS-SEMINAR-ROOM-1-3', 'DVD Player'),
    ('SOSS-CIS-SEMINAR-ROOM-1-3', 'Handheld Mic'),
    ('SOSS-CIS-SEMINAR-ROOM-1-3', 'In-room VC System'),
    ('SOSS-CIS-SEMINAR-ROOM-1-3', 'Projector'),
    ('SOSS-CIS-SEMINAR-ROOM-1-3', 'USB Connection VC room'),
    ('SOSS-CIS-SEMINAR-ROOM-1-3', 'Video Recording'),
    ('SOSS-CIS-SEMINAR-ROOM-1-3', 'Wireless Projection'),
    ('SOSS-CIS-SEMINAR-ROOM-2-1', 'Classroom PC'),
    ('SOSS-CIS-SEMINAR-ROOM-2-1', 'Classroom Prompter'),
    ('SOSS-CIS-SEMINAR-ROOM-2-1', 'Clip-on Mic'),
    ('SOSS-CIS-SEMINAR-ROOM-2-1', 'DVD Player'),
    ('SOSS-CIS-SEMINAR-ROOM-2-1', 'Handheld Mic'),
    ('SOSS-CIS-SEMINAR-ROOM-2-1', 'In-room VC System'),
    ('SOSS-CIS-SEMINAR-ROOM-2-1', 'Projector'),
    ('SOSS-CIS-SEMINAR-ROOM-2-1', 'USB Connection VC room'),
    ('SOSS-CIS-SEMINAR-ROOM-2-1', 'Video Recording'),
    ('SOSS-CIS-SEMINAR-ROOM-2-1', 'Wireless Projection'),
    ('SOSS-CIS-SEMINAR-ROOM-2-2', 'Classroom PC'),
    ('SOSS-CIS-SEMINAR-ROOM-2-2', 'Classroom Prompter'),
    ('SOSS-CIS-SEMINAR-ROOM-2-2', 'Clip-on Mic'),
    ('SOSS-CIS-SEMINAR-ROOM-2-2', 'DVD Player'),
    ('SOSS-CIS-SEMINAR-ROOM-2-2', 'Handheld Mic'),
    ('SOSS-CIS-SEMINAR-ROOM-2-2', 'In-room VC System'),
    ('SOSS-CIS-SEMINAR-ROOM-2-2', 'Projector'),
    ('SOSS-CIS-SEMINAR-ROOM-2-2', 'USB Connection VC room'),
    ('SOSS-CIS-SEMINAR-ROOM-2-2', 'Video Recording'),
    ('SOSS-CIS-SEMINAR-ROOM-2-2', 'Wireless Projection'),
    ('SOSS-CIS-SEMINAR-ROOM-3-1', 'Classroom PC'),
    ('SOSS-CIS-SEMINAR-ROOM-3-1', 'Classroom Prompter'),
    ('SOSS-CIS-SEMINAR-ROOM-3-1', 'Clip-on Mic'),
    ('SOSS-CIS-SEMINAR-ROOM-3-1', 'DVD Player'),
    ('SOSS-CIS-SEMINAR-ROOM-3-1', 'Handheld Mic'),
    ('SOSS-CIS-SEMINAR-ROOM-3-1', 'In-room VC System'),
    ('SOSS-CIS-SEMINAR-ROOM-3-1', 'Projector'),
    ('SOSS-CIS-SEMINAR-ROOM-3-1', 'USB Connection VC room'),
    ('SOSS-CIS-SEMINAR-ROOM-3-1', 'Video Recording'),
    ('SOSS-CIS-SEMINAR-ROOM-3-1', 'Wireless Projection'),
    ('SOSS-CIS-SEMINAR-ROOM-3-3', 'Classroom PC'),
    ('SOSS-CIS-SEMINAR-ROOM-3-3', 'Classroom Prompter'),
    ('SOSS-CIS-SEMINAR-ROOM-3-3', 'Clip-on Mic'),
    ('SOSS-CIS-SEMINAR-ROOM-3-3', 'DVD Player'),
    ('SOSS-CIS-SEMINAR-ROOM-3-3', 'Handheld Mic'),
    ('SOSS-CIS-SEMINAR-ROOM-3-3', 'In-room VC System'),
    ('SOSS-CIS-SEMINAR-ROOM-3-3', 'Projector'),
    ('SOSS-CIS-SEMINAR-ROOM-3-3', 'USB Connection VC room'),
    ('SOSS-CIS-SEMINAR-ROOM-3-3', 'Video Recording'),
    ('SOSS-CIS-SEMINAR-ROOM-3-3', 'Wireless Projection'),
    ('SOSS-CIS-SEMINAR-ROOM-B1-1', 'Classroom PC'),
    ('SOSS-CIS-SEMINAR-ROOM-B1-1', 'Classroom Prompter'),
    ('SOSS-CIS-SEMINAR-ROOM-B1-1', 'Clip-on Mic'),
    ('SOSS-CIS-SEMINAR-ROOM-B1-1', 'DVD Player'),
    ('SOSS-CIS-SEMINAR-ROOM-B1-1', 'Handheld Mic'),
    ('SOSS-CIS-SEMINAR-ROOM-B1-1', 'In-room VC System'),
    ('SOSS-CIS-SEMINAR-ROOM-B1-1', 'Projector'),
    ('SOSS-CIS-SEMINAR-ROOM-B1-1', 'USB Connection VC room'),
    ('SOSS-CIS-SEMINAR-ROOM-B1-1', 'Video Recording'),
    ('SOSS-CIS-SEMINAR-ROOM-B1-1', 'Wireless Projection'),
    ('YPHSL-CLASSROOM-1-02', 'Classroom PC'),
    ('YPHSL-CLASSROOM-1-02', 'Classroom Prompter'),
    ('YPHSL-CLASSROOM-1-02', 'Clip-on Mic'),
    ('YPHSL-CLASSROOM-1-02', 'DVD Player'),
    ('YPHSL-CLASSROOM-1-02', 'Projector'),
    ('YPHSL-CLASSROOM-1-02', 'Video Recording'),
    ('YPHSL-CLASSROOM-1-02', 'Wireless Projection'),
    ('YPHSL-CLASSROOM-B1-09', 'Classroom PC'),
    ('YPHSL-CLASSROOM-B1-09', 'Classroom Prompter'),
    ('YPHSL-CLASSROOM-B1-09', 'Clip-on Mic'),
    ('YPHSL-CLASSROOM-B1-09', 'DVD Player'),
    ('YPHSL-CLASSROOM-B1-09', 'Projector'),
    ('YPHSL-CLASSROOM-B1-09', 'Video Recording'),
    ('YPHSL-CLASSROOM-B1-09', 'Wireless Projection'),
    ('YPHSL-CLASSROOM-B1-13', 'Classroom PC'),
    ('YPHSL-CLASSROOM-B1-13', 'Classroom Prompter'),
    ('YPHSL-CLASSROOM-B1-13', 'Clip-on Mic'),
    ('YPHSL-CLASSROOM-B1-13', 'DVD Player'),
    ('YPHSL-CLASSROOM-B1-13', 'Projector'),
    ('YPHSL-CLASSROOM-B1-13', 'Video Recording'),
    ('YPHSL-CLASSROOM-B1-13', 'Wireless Projection'),
    ('YPHSL-CLASSROOM-B2-03', 'Classroom PC'),
    ('YPHSL-CLASSROOM-B2-03', 'Classroom Prompter'),
    ('YPHSL-CLASSROOM-B2-03', 'Clip-on Mic'),
    ('YPHSL-CLASSROOM-B2-03', 'DVD Player'),
    ('YPHSL-CLASSROOM-B2-03', 'Projector'),
    ('YPHSL-CLASSROOM-B2-03', 'Video Recording'),
    ('YPHSL-CLASSROOM-B2-03', 'Wireless Projection'),
    ('YPHSL-SEMINAR-ROOM-2-01', 'Classroom PC'),
    ('YPHSL-SEMINAR-ROOM-2-01', 'Classroom Prompter'),
    ('YPHSL-SEMINAR-ROOM-2-01', 'Clip-on Mic'),
    ('YPHSL-SEMINAR-ROOM-2-01', 'DVD Player'),
    ('YPHSL-SEMINAR-ROOM-2-01', 'Projector'),
    ('YPHSL-SEMINAR-ROOM-2-01', 'Video Recording'),
    ('YPHSL-SEMINAR-ROOM-2-01', 'Wireless Projection'),
    ('YPHSL-SEMINAR-ROOM-2-02', 'Classroom PC'),
    ('YPHSL-SEMINAR-ROOM-2-02', 'Classroom Prompter'),
    ('YPHSL-SEMINAR-ROOM-2-02', 'Clip-on Mic'),
    ('YPHSL-SEMINAR-ROOM-2-02', 'DVD Player'),
    ('YPHSL-SEMINAR-ROOM-2-02', 'Projector'),
    ('YPHSL-SEMINAR-ROOM-2-02', 'Video Recording'),
    ('YPHSL-SEMINAR-ROOM-2-02', 'Wireless Projection'),
    ('YPHSL-SEMINAR-ROOM-2-03', 'Classroom PC'),
    ('YPHSL-SEMINAR-ROOM-2-03', 'Classroom Prompter'),
    ('YPHSL-SEMINAR-ROOM-2-03', 'Clip-on Mic'),
    ('YPHSL-SEMINAR-ROOM-2-03', 'DVD Player'),
    ('YPHSL-SEMINAR-ROOM-2-03', 'Projector'),
    ('YPHSL-SEMINAR-ROOM-2-03', 'Video Recording'),
    ('YPHSL-SEMINAR-ROOM-2-03', 'Wireless Projection'),
    ('YPHSL-SEMINAR-ROOM-2-04', 'Classroom PC'),
    ('YPHSL-SEMINAR-ROOM-2-04', 'Classroom Prompter'),
    ('YPHSL-SEMINAR-ROOM-2-04', 'Clip-on Mic'),
    ('YPHSL-SEMINAR-ROOM-2-04', 'DVD Player'),
    ('YPHSL-SEMINAR-ROOM-2-04', 'Handheld Mic'),
    ('YPHSL-SEMINAR-ROOM-2-04', 'Projector'),
    ('YPHSL-SEMINAR-ROOM-2-04', 'Video Recording'),
    ('YPHSL-SEMINAR-ROOM-2-04', 'Wireless Projection'),
    ('YPHSL-SEMINAR-ROOM-2-05', 'Classroom PC'),
    ('YPHSL-SEMINAR-ROOM-2-05', 'Classroom Prompter'),
    ('YPHSL-SEMINAR-ROOM-2-05', 'Clip-on Mic'),
    ('YPHSL-SEMINAR-ROOM-2-05', 'DVD Player'),
    ('YPHSL-SEMINAR-ROOM-2-05', 'Handheld Mic'),
    ('YPHSL-SEMINAR-ROOM-2-05', 'Projector'),
    ('YPHSL-SEMINAR-ROOM-2-05', 'Video Recording'),
    ('YPHSL-SEMINAR-ROOM-2-05', 'Wireless Projection'),
    ('YPHSL-SEMINAR-ROOM-2-11', 'Classroom PC'),
    ('YPHSL-SEMINAR-ROOM-2-11', 'Classroom Prompter'),
    ('YPHSL-SEMINAR-ROOM-2-11', 'Clip-on Mic'),
    ('YPHSL-SEMINAR-ROOM-2-11', 'DVD Player'),
    ('YPHSL-SEMINAR-ROOM-2-11', 'Projector'),
    ('YPHSL-SEMINAR-ROOM-2-11', 'Video Recording'),
    ('YPHSL-SEMINAR-ROOM-2-11', 'Wireless Projection'),
    ('YPHSL-SEMINAR-ROOM-2-15', 'Classroom PC'),
    ('YPHSL-SEMINAR-ROOM-2-15', 'Classroom Prompter'),
    ('YPHSL-SEMINAR-ROOM-2-15', 'Clip-on Mic'),
    ('YPHSL-SEMINAR-ROOM-2-15', 'DVD Player'),
    ('YPHSL-SEMINAR-ROOM-2-15', 'Handheld Mic'),
    ('YPHSL-SEMINAR-ROOM-2-15', 'Projector'),
    ('YPHSL-SEMINAR-ROOM-2-15', 'Video Recording'),
    ('YPHSL-SEMINAR-ROOM-2-15', 'Wireless Projection'),
    ('YPHSL-SEMINAR-ROOM-2-16', 'Classroom PC'),
    ('YPHSL-SEMINAR-ROOM-2-16', 'Classroom Prompter'),
    ('YPHSL-SEMINAR-ROOM-2-16', 'Clip-on Mic'),
    ('YPHSL-SEMINAR-ROOM-2-16', 'DVD Player'),
    ('YPHSL-SEMINAR-ROOM-2-16', 'Handheld Mic'),
    ('YPHSL-SEMINAR-ROOM-2-16', 'In-room VC System'),
    ('YPHSL-SEMINAR-ROOM-2-16', 'Projector'),
    ('YPHSL-SEMINAR-ROOM-2-16', 'USB Connection VC room'),
    ('YPHSL-SEMINAR-ROOM-2-16', 'Video Recording'),
    ('YPHSL-SEMINAR-ROOM-2-16', 'Wireless Projection'),
    ('YPHSL-SEMINAR-ROOM-3-01', 'Classroom PC'),
    ('YPHSL-SEMINAR-ROOM-3-01', 'Classroom Prompter'),
    ('YPHSL-SEMINAR-ROOM-3-01', 'Clip-on Mic'),
    ('YPHSL-SEMINAR-ROOM-3-01', 'DVD Player'),
    ('YPHSL-SEMINAR-ROOM-3-01', 'Handheld Mic'),
    ('YPHSL-SEMINAR-ROOM-3-01', 'Projector'),
    ('YPHSL-SEMINAR-ROOM-3-01', 'Video Recording'),
    ('YPHSL-SEMINAR-ROOM-3-01', 'Wireless Projection'),
    ('YPHSL-SEMINAR-ROOM-3-02', 'Classroom PC'),
    ('YPHSL-SEMINAR-ROOM-3-02', 'Classroom Prompter'),
    ('YPHSL-SEMINAR-ROOM-3-02', 'Clip-on Mic'),
    ('YPHSL-SEMINAR-ROOM-3-02', 'DVD Player'),
    ('YPHSL-SEMINAR-ROOM-3-02', 'Handheld Mic'),
    ('YPHSL-SEMINAR-ROOM-3-02', 'Projector'),
    ('YPHSL-SEMINAR-ROOM-3-02', 'Video Recording'),
    ('YPHSL-SEMINAR-ROOM-3-02', 'Wireless Projection'),
    ('YPHSL-SEMINAR-ROOM-3-09', 'Classroom PC'),
    ('YPHSL-SEMINAR-ROOM-3-09', 'Classroom Prompter'),
    ('YPHSL-SEMINAR-ROOM-3-09', 'Clip-on Mic'),
    ('YPHSL-SEMINAR-ROOM-3-09', 'DVD Player'),
    ('YPHSL-SEMINAR-ROOM-3-09', 'Handheld Mic'),
    ('YPHSL-SEMINAR-ROOM-3-09', 'Projector'),
    ('YPHSL-SEMINAR-ROOM-3-09', 'Video Recording'),
    ('YPHSL-SEMINAR-ROOM-3-09', 'Wireless Projection'),
    ('YPHSL-SEMINAR-ROOM-3-10', 'Classroom PC'),
    ('YPHSL-SEMINAR-ROOM-3-10', 'Classroom Prompter'),
    ('YPHSL-SEMINAR-ROOM-3-10', 'Clip-on Mic'),
    ('YPHSL-SEMINAR-ROOM-3-10', 'DVD Player'),
    ('YPHSL-SEMINAR-ROOM-3-10', 'Handheld Mic'),
    ('YPHSL-SEMINAR-ROOM-3-10', 'In-room VC System'),
    ('YPHSL-SEMINAR-ROOM-3-10', 'Projector'),
    ('YPHSL-SEMINAR-ROOM-3-10', 'USB Connection VC room'),
    ('YPHSL-SEMINAR-ROOM-3-10', 'Video Recording'),
    ('YPHSL-SEMINAR-ROOM-3-10', 'Wireless Projection'),
    ('YPHSL-SEMINAR-ROOM-3-11', 'Classroom PC'),
    ('YPHSL-SEMINAR-ROOM-3-11', 'Classroom Prompter'),
    ('YPHSL-SEMINAR-ROOM-3-11', 'Clip-on Mic'),
    ('YPHSL-SEMINAR-ROOM-3-11', 'DVD Player'),
    ('YPHSL-SEMINAR-ROOM-3-11', 'Handheld Mic'),
    ('YPHSL-SEMINAR-ROOM-3-11', 'Projector'),
    ('YPHSL-SEMINAR-ROOM-3-11', 'Video Recording'),
    ('YPHSL-SEMINAR-ROOM-3-11', 'Wireless Projection'),
    ('YPHSL-SEMINAR-ROOM-3-12', 'Classroom PC'),
    ('YPHSL-SEMINAR-ROOM-3-12', 'Classroom Prompter'),
    ('YPHSL-SEMINAR-ROOM-3-12', 'Clip-on Mic'),
    ('YPHSL-SEMINAR-ROOM-3-12', 'DVD Player'),
    ('YPHSL-SEMINAR-ROOM-3-12', 'Handheld Mic'),
    ('YPHSL-SEMINAR-ROOM-3-12', 'Projector'),
    ('YPHSL-SEMINAR-ROOM-3-12', 'Video Recording'),
    ('YPHSL-SEMINAR-ROOM-3-12', 'Wireless Projection'),
    ('YPHSL-SEMINAR-ROOM-B1-01', 'Classroom PC'),
    ('YPHSL-SEMINAR-ROOM-B1-01', 'Classroom Prompter'),
    ('YPHSL-SEMINAR-ROOM-B1-01', 'Clip-on Mic'),
    ('YPHSL-SEMINAR-ROOM-B1-01', 'DVD Player'),
    ('YPHSL-SEMINAR-ROOM-B1-01', 'Handheld Mic'),
    ('YPHSL-SEMINAR-ROOM-B1-01', 'In-room VC System'),
    ('YPHSL-SEMINAR-ROOM-B1-01', 'Projector'),
    ('YPHSL-SEMINAR-ROOM-B1-01', 'USB Connection VC room'),
    ('YPHSL-SEMINAR-ROOM-B1-01', 'Video Recording'),
    ('YPHSL-SEMINAR-ROOM-B1-01', 'Wireless Projection'),
    ('YPHSL-SEMINAR-ROOM-B2-01', 'Classroom PC'),
    ('YPHSL-SEMINAR-ROOM-B2-01', 'Classroom Prompter'),
    ('YPHSL-SEMINAR-ROOM-B2-01', 'Clip-on Mic'),
    ('YPHSL-SEMINAR-ROOM-B2-01', 'DVD Player'),
    ('YPHSL-SEMINAR-ROOM-B2-01', 'Handheld Mic'),
    ('YPHSL-SEMINAR-ROOM-B2-01', 'In-room VC System'),
    ('YPHSL-SEMINAR-ROOM-B2-01', 'Projector'),
    ('YPHSL-SEMINAR-ROOM-B2-01', 'USB Connection VC room'),
    ('YPHSL-SEMINAR-ROOM-B2-01', 'Video Recording'),
    ('YPHSL-SEMINAR-ROOM-B2-01', 'Wireless Projection')
)
INSERT OR IGNORE INTO facility_equipment (facility_id, equipment_id)
SELECT f.facility_id, e.equipment_id
FROM links l
JOIN facilities f ON f.facility_code = l.facility_code
JOIN equipment e ON e.name = l.equipment_name;

-- Demo users
INSERT OR IGNORE INTO users (user_id, first_name, last_name, email) VALUES
  (1, 'Alvin', 'C', 'alvin@example.com'),
  (2, 'Ben', 'Tan', 'ben@example.com'),
  (3, 'Claire', 'Lim', 'claire@smu.edu.sg'),
  (4, 'Devon', 'Lee', 'devon@smu.edu.sg'),
  (5, 'Guest', 'User', 'guest@smu.edu.sg');

-- Demo bookings (explicit booking_id for deterministic seed)
INSERT OR IGNORE INTO bookings (booking_id, user_id, booking_reason) VALUES
  (1, 1, 'Group study session'),
  (2, 2, 'Weekly seminar prep'),
  (3, 3, 'Guest lecture setup'),
  (4, 4, 'Project meeting'),
  (5, 1, 'Workshop');

-- Demo booking slots
INSERT OR IGNORE INTO booking_detail (booking_id, facility_id, start_time, end_time) VALUES
  (1, (SELECT facility_id FROM facilities WHERE facility_code = 'ADMIN-BADMINTON-COURT-1'), '2026-03-10T09:00:00Z', '2026-03-10T10:30:00Z'),
  (2, (SELECT facility_id FROM facilities WHERE facility_code = 'ADMIN-BADMINTON-COURT-2'), '2026-03-10T11:00:00Z', '2026-03-10T12:00:00Z'),
  (2, (SELECT facility_id FROM facilities WHERE facility_code = 'ADMIN-BADMINTON-COURT-2'), '2026-03-10T12:00:00Z', '2026-03-10T13:00:00Z'),
  (3, (SELECT facility_id FROM facilities WHERE facility_code = 'ADMIN-BADMINTON-COURT-3'), '2026-03-11T08:00:00Z', '2026-03-11T11:00:00Z'),
  (4, (SELECT facility_id FROM facilities WHERE facility_code = 'ADMIN-BASKETBALL-COURT'), '2026-03-12T17:00:00Z', '2026-03-12T18:30:00Z'),
  (4, (SELECT facility_id FROM facilities WHERE facility_code = 'ADMIN-FENCING'), '2026-03-12T18:30:00Z', '2026-03-12T19:30:00Z'),
  (5, (SELECT facility_id FROM facilities WHERE facility_code = 'ADMIN-FLOORBALL-COURT'), '2026-03-14T10:00:00Z', '2026-03-14T13:00:00Z');

COMMIT;
